,id,symbol,name,categories,date
0,bitcoin,BTC,Bitcoin,Cryptocurrency,2021-05-28
1,ethereum,ETH,Ethereum,Smart Contract Platform,2021-05-28
2,tether,USDT,Tether,"USD Stablecoin,Stablecoins",2021-05-28
3,binancecoin,BNB,Binance Coin,"Centralized Exchange Token (CEX),Binance Smart Chain Ecosystem,Exchange-based Tokens",2021-05-28
4,cardano,ADA,Cardano,Smart Contract Platform,2021-05-28
5,dogecoin,DOGE,Dogecoin,"Meme Tokens,Cryptocurrency",2021-05-28
6,ripple,XRP,XRP,Cryptocurrency,2021-05-28
7,polkadot,DOT,Polkadot,Polkadot Ecosystem,2021-05-28
8,usd-coin,USDC,USD Coin,"USD Stablecoin,Stablecoins",2021-05-28
9,internet-computer,ICP,Internet Computer,Smart Contract Platform,2021-05-28
10,uniswap,UNI,Uniswap,"Decentralized Exchange Token (DEX),Automated Market Maker (AMM),Yield Farming,Decentralized Finance (DeFi),Governance,Exchange-based Tokens",2021-05-28
11,bitcoin-cash,BCH,Bitcoin Cash,Cryptocurrency,2021-05-28
12,chainlink,LINK,Chainlink,"Solana Ecosystem,Near Protocol Ecosystem,Polygon Ecosystem,xDAI Ecosystem,Business Services,Infrastructure,Smart Contract Platform,Polkadot Ecosystem,Decentralized Finance (DeFi),Oracle",2021-05-28
13,litecoin,LTC,Litecoin,Cryptocurrency,2021-05-28
14,matic-network,MATIC,Polygon,Polygon Ecosystem,2021-05-28
15,ethereum-classic,ETC,Ethereum Classic,Smart Contract Platform,2021-05-28
16,stellar,XLM,Stellar,"Cryptocurrency,Smart Contract Platform",2021-05-28
17,binance-usd,BUSD,Binance USD,"USD Stablecoin,Binance Smart Chain Ecosystem,Stablecoins",2021-05-28
18,solana,SOL,Solana,"Solana Ecosystem,Smart Contract Platform",2021-05-28
19,theta-token,THETA,Theta Network,"Entertainment,Non-Fungible Tokens (NFT)",2021-05-28
20,vechain,VET,VeChain,"Internet of Things (IOT),Artificial Intelligence,Business Platform",2021-05-28
21,wrapped-bitcoin,WBTC,Wrapped Bitcoin,"Wrapped-Tokens,Tokenized BTC",2021-05-28
22,eos,EOS,EOS,Smart Contract Platform,2021-05-28
23,tron,TRX,TRON,Smart Contract Platform,2021-05-28
24,filecoin,FIL,Filecoin,"Infrastructure,Storage",2021-05-28
25,dai,DAI,Dai,"USD Stablecoin,Decentralized Finance (DeFi),Stablecoins",2021-05-28
26,aave,AAVE,Aave,"Lending/Borrowing,Near Protocol Ecosystem,Polygon Ecosystem,Yield Farming,Decentralized Finance (DeFi),Governance",2021-05-28
27,monero,XMR,Monero,Privacy Coins,2021-05-28
28,shiba-inu,SHIB,Shiba Inu,Meme Tokens,2021-05-28
29,neo,NEO,NEO,Smart Contract Platform,2021-05-28
30,okb,OKB,OKB,"Centralized Exchange Token (CEX),Exchange-based Tokens",2021-05-28
31,klay-token,KLAY,Klaytn,,2021-05-28
32,compound-ether,CETH,cETH,"Finance / Banking,Decentralized Finance (DeFi),Compound Tokens,Asset-backed Tokens",2021-05-28
33,compound-usd-coin,CUSDC,cUSDC,"Finance / Banking,Decentralized Finance (DeFi),Compound Tokens,Asset-backed Tokens",2021-05-28
34,bitcoin-cash-sv,BSV,Bitcoin SV,,2021-05-28
35,cosmos,ATOM,Cosmos,"Cosmos Ecosystem,Cryptocurrency",2021-05-28
36,crypto-com-chain,CRO,Crypto.com Coin,"Cosmos Ecosystem,Centralized Exchange Token (CEX),Exchange-based Tokens",2021-05-28
37,maker,MKR,Maker,"Lending/Borrowing,Near Protocol Ecosystem,Decentralized Finance (DeFi),Governance",2021-05-28
38,cdai,CDAI,cDAI,"Decentralized Finance (DeFi),Compound Tokens,Asset-backed Tokens",2021-05-28
39,thorchain,RUNE,THORChain,"Cosmos Ecosystem,Decentralized Exchange Token (DEX),Infrastructure,Decentralized Finance (DeFi),Exchange-based Tokens",2021-05-28
40,iota,MIOTA,IOTA,"Internet of Things (IOT),Smart Contract Platform",2021-05-28
41,tezos,XTZ,Tezos,Smart Contract Platform,2021-05-28
42,ftx-token,FTT,FTX Token,"Centralized Exchange Token (CEX),Exchange-based Tokens",2021-05-28
43,pancakeswap-token,CAKE,PancakeSwap,"Decentralized Exchange Token (DEX),Automated Market Maker (AMM),Yield Farming,Binance Smart Chain Ecosystem,Decentralized Finance (DeFi),Governance,Exchange-based Tokens",2021-05-28
44,celsius-degree-token,CEL,Celsius Network,Business Services,2021-05-28
45,algorand,ALGO,Algorand,"Cryptocurrency,Smart Contract Platform",2021-05-28
46,kusama,KSM,Kusama,Polkadot Ecosystem,2021-05-28
47,huobi-token,HT,Huobi Token,"Centralized Exchange Token (CEX),Exchange-based Tokens",2021-05-28
48,bittorrent-2,BTT,BitTorrent,"Protocol,Storage",2021-05-28
49,safemoon,SAFEMOON,SafeMoon,,2021-05-28
50,terra-luna,LUNA,Terra,"Cosmos Ecosystem,Terra Ecosystem,Decentralized Finance (DeFi)",2021-05-28
51,avalanche-2,AVAX,Avalanche,"Avalanche Ecosystem,Smart Contract Platform",2021-05-28
52,compound-governance-token,COMP,Compound,"Lending/Borrowing,Yield Farming,Decentralized Finance (DeFi),Governance",2021-05-28
53,terrausd,UST,TerraUSD,"Seigniorage,Terra Ecosystem,USD Stablecoin,Stablecoins",2021-05-28
54,hedera-hashgraph,HBAR,Hedera Hashgraph,Protocol,2021-05-28
55,leo-token,LEO,LEO Token,"Centralized Exchange Token (CEX),Exchange-based Tokens",2021-05-28
56,sushi,SUSHI,Sushi,"Yearn Ecosystem,Decentralized Exchange Token (DEX),Polygon Ecosystem,xDAI Ecosystem,Automated Market Maker (AMM),Yield Farming,Decentralized Finance (DeFi),Governance,Exchange-based Tokens",2021-05-28
57,havven,SNX,Synthetix Network Token,"Derivatives,Decentralized Exchange Token (DEX),Synthetic Issuer,Yield Farming,Decentralized Finance (DeFi),Governance,Exchange-based Tokens",2021-05-28
58,dash,DASH,Dash,"Cryptocurrency,Masternodes,Privacy Coins",2021-05-28
59,elrond-erd-2,EGLD,Elrond,"Protocol,Smart Contract Platform",2021-05-28
60,decred,DCR,Decred,"Cryptocurrency,Governance,Privacy Coins",2021-05-28
61,theta-fuel,TFUEL,Theta Fuel,,2021-05-28
62,nem,XEM,NEM,Smart Contract Platform,2021-05-28
63,telcoin,TEL,Telcoin,,2021-05-28
64,chiliz,CHZ,Chiliz,"Non-Fungible Tokens (NFT),Sports",2021-05-28
65,holotoken,HOT,Holo,"Smart Contract Platform,Storage",2021-05-28
66,yearn-finance,YFI,yearn.finance,"Yearn Ecosystem,Yield Aggregator,Yield Farming,Decentralized Finance (DeFi),Governance",2021-05-28
67,zcash,ZEC,Zcash,Privacy Coins,2021-05-28
68,waves,WAVES,Waves,"Solana Ecosystem,Smart Contract Platform",2021-05-28
69,enjincoin,ENJ,Enjin Coin,"Entertainment,Non-Fungible Tokens (NFT),Gaming",2021-05-28
70,helium,HNT,Helium,Communication,2021-05-28
71,zilliqa,ZIL,Zilliqa,Smart Contract Platform,2021-05-28
72,amp-token,AMP,Amp,,2021-05-28
73,paxos-standard,PAX,Paxos Standard,"USD Stablecoin,Stablecoins",2021-05-28
74,qtum,QTUM,Qtum,Smart Contract Platform,2021-05-28
75,true-usd,TUSD,TrueUSD,"Avalanche Ecosystem,USD Stablecoin,Stablecoins",2021-05-28
76,huobi-btc,HBTC,Huobi BTC,Tokenized BTC,2021-05-28
77,basic-attention-token,BAT,Basic Attention Token,,2021-05-28
78,near,NEAR,Near,Smart Contract Platform,2021-05-28
79,staked-ether,STETH,Lido Staked Ether,"Eth 2.0 Staking,Decentralized Finance (DeFi)",2021-05-28
80,decentraland,MANA,Decentraland,"Metaverse,Polygon Ecosystem,Entertainment,Non-Fungible Tokens (NFT)",2021-05-28
81,nexo,NEXO,NEXO,Finance / Banking,2021-05-28
82,blockstack,STX,Stacks,Infrastructure,2021-05-28
83,bitcoin-gold,BTG,Bitcoin Gold,Cryptocurrency,2021-05-28
84,zencash,ZEN,Horizen,"Masternodes,Privacy Coins",2021-05-28
85,nano,NANO,Nano,Cryptocurrency,2021-05-28
86,fei-protocol,FEI,Fei Protocol,"Decentralized Finance (DeFi),Stablecoins,Asset-backed Tokens",2021-05-28
87,ontology,ONT,Ontology,"Near Protocol Ecosystem,Smart Contract Platform,Binance Smart Chain Ecosystem,Polkadot Ecosystem",2021-05-28
88,bancor,BNT,Bancor Network Token,"Decentralized Exchange Token (DEX),Automated Market Maker (AMM),Decentralized Finance (DeFi),Exchange-based Tokens",2021-05-28
89,digibyte,DGB,DigiByte,"Internet of Things (IOT),Artificial Intelligence,Cryptocurrency,Smart Contract Platform,Privacy Coins",2021-05-28
90,harmony,ONE,Harmony,"Protocol,Smart Contract Platform",2021-05-28
91,omisego,OMG,OMG Network,Smart Contract Platform,2021-05-28
92,husd,HUSD,HUSD,"USD Stablecoin,Stablecoins",2021-05-28
93,the-graph,GRT,The Graph,"Solana Ecosystem,Near Protocol Ecosystem,Polygon Ecosystem,Business Services,Infrastructure,Binance Smart Chain Ecosystem,Decentralized Finance (DeFi),Analytics",2021-05-28
94,0x,ZRX,0x,"Decentralized Exchange Token (DEX),Protocol,Polkadot Ecosystem,Decentralized Finance (DeFi),Governance",2021-05-28
95,siacoin,SC,Siacoin,"Near Protocol Ecosystem,Storage",2021-05-28
96,uma,UMA,UMA,"Derivatives,Finance / Banking,Synthetic Issuer,Polygon Ecosystem,Business Services,Decentralized Finance (DeFi),Governance",2021-05-28
97,swissborg,CHSB,SwissBorg,Finance / Banking,2021-05-28
98,xsushi,XSUSHI,xSUSHI,"Yearn Ecosystem,Decentralized Exchange Token (DEX),Decentralized Finance (DeFi),Governance",2021-05-28
99,fantom,FTM,Fantom,"Infrastructure,Smart Contract Platform",2021-05-28
100,ravencoin,RVN,Ravencoin,Cryptocurrency,2021-05-28
101,bakerytoken,BAKE,BakerySwap,"Non-Fungible Tokens (NFT),Binance Smart Chain Ecosystem",2021-05-28
102,gatechain-token,GT,GateToken,"Centralized Exchange Token (CEX),Exchange-based Tokens",2021-05-28
103,iostoken,IOST,IOST,,2021-05-28
104,liquity-usd,LUSD,Liquity USD,"USD Stablecoin,Decentralized Finance (DeFi),Stablecoins",2021-05-28
105,ankr,ANKR,Ankr,"Polygon Ecosystem,xDAI Ecosystem,Technology & Science,Polkadot Ecosystem",2021-05-28
106,pirate-chain,ARRR,Pirate Chain,Privacy Coins,2021-05-28
107,icon,ICX,ICON,Smart Contract Platform,2021-05-28
108,feg-token,FEG,FEG Token,,2021-05-28
109,nxm,NXM,Nexus Mutual,"Insurance,Decentralized Finance (DeFi)",2021-05-28
110,livepeer,LPT,Livepeer,,2021-05-28
111,xdce-crowd-sale,XDC,XDC Network,"Finance / Banking,Smart Contract Platform",2021-05-28
112,arweave,AR,Arweave,Storage,2021-05-28
113,compound-usdt,CUSDT,cUSDT,"Finance / Banking,Compound Tokens,Asset-backed Tokens",2021-05-28
114,flow,FLOW,Flow,"Non-Fungible Tokens (NFT),Sports",2021-05-28
115,curve-dao-token,CRV,Curve DAO Token,"Decentralized Exchange Token (DEX),Polygon Ecosystem,Automated Market Maker (AMM),Yield Farming,Decentralized Finance (DeFi),Governance,Exchange-based Tokens",2021-05-28
116,wazirx,WRX,WazirX,Exchange-based Tokens,2021-05-28
117,kucoin-shares,KCS,KuCoin Token,"Centralized Exchange Token (CEX),Exchange-based Tokens",2021-05-28
118,quant-network,QNT,Quant,Protocol,2021-05-28
119,lisk,LSK,Lisk,Smart Contract Platform,2021-05-28
120,chia,XCH,Chia,Smart Contract Platform,2021-05-28
121,bitcoin-diamond,BCD,Bitcoin Diamond,Cryptocurrency,2021-05-28
122,ethos,VGX,Voyager Token,Finance / Banking,2021-05-28
123,1inch,1INCH,1inch,"Decentralized Exchange Token (DEX),Number,Automated Market Maker (AMM),Binance Smart Chain Ecosystem,Decentralized Finance (DeFi),Exchange-based Tokens",2021-05-28
124,ecomi,OMI,ECOMI,"Collectibles,Non-Fungible Tokens (NFT)",2021-05-28
125,republic-protocol,REN,REN,"Solana Ecosystem,Polkadot Ecosystem,Decentralized Finance (DeFi),Exchange-based Tokens",2021-05-28
126,loopring,LRC,Loopring,"Decentralized Exchange Token (DEX),Decentralized Finance (DeFi),Exchange-based Tokens",2021-05-28
127,reserve-rights-token,RSR,Reserve Rights Token,Decentralized Finance (DeFi),2021-05-28
128,hbtc-token,HBC,HBTC Captain Token,"Centralized Exchange Token (CEX),Exchange-based Tokens",2021-05-28
129,skale,SKL,SKALE,,2021-05-28
130,verge,XVG,Verge,Privacy Coins,2021-05-28
131,oxygen,OXY,Oxygen,Solana Ecosystem,2021-05-28
132,tenset,10SET,Tenset,,2021-05-28
133,seth,SETH,sETH,"Synths,Decentralized Finance (DeFi),Asset-backed Tokens",2021-05-28
134,pundi-x-2,PUNDIX,Pundi X,,2021-05-28
135,ergo,ERG,Ergo,"Cryptocurrency,Smart Contract Platform,Privacy Coins",2021-05-28
136,renbtc,RENBTC,renBTC,"Wrapped-Tokens,Tokenized BTC,Decentralized Finance (DeFi),Asset-backed Tokens",2021-05-28
137,wink,WIN,WINkLink,Oracle,2021-05-28
138,nervos-network,CKB,Nervos Network,,2021-05-28
139,reef-finance,REEF,Reef Finance,"Polygon Ecosystem,Binance Smart Chain Ecosystem,Polkadot Ecosystem",2021-05-28
140,status,SNT,Status,Software,2021-05-28
141,dent,DENT,Dent,,2021-05-28
142,celo,CELO,Celo,,2021-05-28
143,tribe-2,TRIBE,Tribe,"Decentralized Finance (DeFi),Governance",2021-05-28
144,neutrino,USDN,Neutrino USD,"Protocol,USD Stablecoin,Decentralized Finance (DeFi),Stablecoins",2021-05-28
145,iexec-rlc,RLC,iExec RLC,Oracle,2021-05-28
146,venus,XVS,Venus,"Binance Launchpool,Lending/Borrowing,Binance Smart Chain Ecosystem,Decentralized Finance (DeFi)",2021-05-28
147,bitcoin-cash-abc-2,BCHA,Bitcoin Cash ABC,Cryptocurrency,2021-05-28
148,mirror-protocol,MIR,Mirror Protocol,"Cosmos Ecosystem,Derivatives,Synthetic Issuer,Terra Ecosystem,Decentralized Finance (DeFi)",2021-05-28
149,compound-uniswap,CUNI,cUNI,"Finance / Banking,Decentralized Finance (DeFi),Compound Tokens,Asset-backed Tokens",2021-05-28
150,vethor-token,VTHO,VeThor Token,,2021-05-28
151,balancer,BAL,Balancer,"Decentralized Exchange Token (DEX),Near Protocol Ecosystem,Automated Market Maker (AMM),Yield Farming,Decentralized Finance (DeFi),Governance,Exchange-based Tokens",2021-05-28
152,titanswap,TITAN,TitanSwap,,2021-05-28
153,golem,GLM,Golem,"Polygon Ecosystem,Business Platform",2021-05-28
154,pundi-x,NPXS,Pundi X [OLD],,2021-05-28
155,energy-web-token,EWT,Energy Web Token,"Energy,Polkadot Ecosystem",2021-05-28
156,conflux-token,CFX,Conflux,,2021-05-28
157,iotex,IOTX,IoTeX,"Internet of Things (IOT),Business Platform",2021-05-28
158,btc-standard-hashrate-token,BTCST,BTC Standard Hashrate Token,"Binance Launchpool,Binance Smart Chain Ecosystem",2021-05-28
159,injective-protocol,INJ,Injective Protocol,"Cosmos Ecosystem,Derivatives,Perpetuals,Decentralized Exchange Token (DEX),Polygon Ecosystem,Binance Smart Chain Ecosystem,Decentralized Finance (DeFi),Exchange-based Tokens",2021-05-28
160,band-protocol,BAND,Band Protocol,"Cosmos Ecosystem,Near Protocol Ecosystem,Polygon Ecosystem,Business Services,Decentralized Finance (DeFi),Oracle",2021-05-28
161,celer-network,CELR,Celer Network,Polkadot Ecosystem,2021-05-28
162,gnosis,GNO,Gnosis,"Prediction Markets,Decentralized Exchange Token (DEX),xDAI Ecosystem,Protocol,Decentralized Finance (DeFi)",2021-05-28
163,tokamak-network,TON,Tokamak Network,,2021-05-28
164,ocean-protocol,OCEAN,Ocean Protocol,"Polygon Ecosystem,Protocol,Storage,Polkadot Ecosystem",2021-05-28
165,alien-worlds,TLM,Alien Worlds,Non-Fungible Tokens (NFT),2021-05-28
166,givingtoservices,SVCS,GivingToServices,Charity,2021-05-28
167,kava,KAVA,Kava.io,"Cosmos Ecosystem,Lending/Borrowing,Finance / Banking,Decentralized Finance (DeFi)",2021-05-28
168,asd,BTMX,ASD,"Centralized Exchange Token (CEX),Exchange-based Tokens",2021-05-28
169,alchemix-usd,ALUSD,Alchemix USD,,2021-05-28
170,mdex,MDX,Mdex,HECO Chain Ecosystem,2021-05-28
171,nusd,SUSD,sUSD,"USD Stablecoin,Synths,Decentralized Finance (DeFi),Stablecoins,Asset-backed Tokens",2021-05-28
172,rocket-pool,RPL,Rocket Pool,"Business Services,Infrastructure,Decentralized Finance (DeFi)",2021-05-28
173,prometeus,PROM,Prometeus,,2021-05-28
174,axie-infinity,AXS,Axie Infinity,"Axie Infinity,Non-Fungible Tokens (NFT),Gaming",2021-05-28
175,numeraire,NMR,Numeraire,"Business Services,Decentralized Finance (DeFi)",2021-05-28
176,orchid-protocol,OXT,Orchid Protocol,xDAI Ecosystem,2021-05-28
177,wax,WAXP,WAX,"Protocol,Non-Fungible Tokens (NFT)",2021-05-28
178,pax-gold,PAXG,PAX Gold,"Tokenized Gold,Asset-backed Tokens",2021-05-28
179,ton-crystal,TON,TON Crystal,,2021-05-28
180,singularitynet,AGI,SingularityNET,Artificial Intelligence,2021-05-28
181,the-sandbox,SAND,The Sandbox,"Metaverse,Non-Fungible Tokens (NFT)",2021-05-28
182,nkn,NKN,NKN,Communication,2021-05-28
183,alchemix,ALCX,Alchemix,"Lending/Borrowing,Yield Farming,Decentralized Finance (DeFi)",2021-05-28
184,stakehound-staked-ether,STETH,StakeHound Staked Ether,"Eth 2.0 Staking,Polygon Ecosystem",2021-05-28
185,ardor,ARDR,Ardor,"Infrastructure,Smart Contract Platform",2021-05-28
186,ampleforth,AMPL,Ampleforth,"Rebase Tokens,Decentralized Finance (DeFi)",2021-05-28
187,polymath-network,POLY,Polymath Network,Finance / Banking,2021-05-28
188,alpha-finance,ALPHA,Alpha Finance,"Binance Launchpool,Yield Aggregator,Yield Farming,Binance Smart Chain Ecosystem,Decentralized Finance (DeFi)",2021-05-28
189,serum,SRM,Serum,"Solana Ecosystem,Decentralized Exchange Token (DEX),Decentralized Finance (DeFi),Exchange-based Tokens",2021-05-28
190,raydium,RAY,Raydium,"Solana Ecosystem,Decentralized Exchange Token (DEX),Launchpad,Automated Market Maker (AMM),Yield Farming,Decentralized Finance (DeFi)",2021-05-28
191,medibloc,MED,Medibloc,Cosmos Ecosystem,2021-05-28
192,klever,KLV,Klever,,2021-05-28
193,storm,STMX,StormX,,2021-05-28
194,funfair,FUN,FUNToken,Gambling,2021-05-28
195,civic,CVC,Civic,"Solana Ecosystem,Software",2021-05-28
196,wootrade-network,WOO,Wootrade Network,"Centralized Exchange Token (CEX),Polygon Ecosystem",2021-05-28
197,steem,STEEM,Steem,Cryptocurrency,2021-05-28
198,cartesi,CTSI,Cartesi,Infrastructure,2021-05-28
199,akash-network,AKT,Akash Network,"Cosmos Ecosystem,Solana Ecosystem",2021-05-28
200,maidsafecoin,MAID,MaidSafeCoin,Storage,2021-05-28
201,origin-protocol,OGN,Origin Protocol,"Business Platform,Non-Fungible Tokens (NFT)",2021-05-28
202,orbs,ORBS,Orbs,Infrastructure,2021-05-28
203,audius,AUDIO,Audius,"Solana Ecosystem,Music,Non-Fungible Tokens (NFT)",2021-05-28
204,everipedia,IQ,Everipedia,Media,2021-05-28
205,thorchain-erc20,RUNE,THORChain (ERC20),Wrapped-Tokens,2021-05-28
206,komodo,KMD,Komodo,Smart Contract Platform,2021-05-28
207,zipmex-token,ZMT,Zipmex Token,"Centralized Exchange Token (CEX),Exchange-based Tokens",2021-05-28
208,math,MATH,MATH,"Cosmos Ecosystem,Polygon Ecosystem,Software,Binance Smart Chain Ecosystem,Polkadot Ecosystem",2021-05-28
209,persistence,XPRT,Persistence,,2021-05-28
210,ethlend,LEND,Aave [OLD],Decentralized Finance (DeFi),2021-05-28
211,metadium,META,Metadium,Protocol,2021-05-28
212,anchor-protocol,ANC,Anchor Protocol,"Lending/Borrowing,Terra Ecosystem,Decentralized Finance (DeFi)",2021-05-28
213,orion-protocol,ORN,Orion Protocol,"DaoMaker Ecosystem,Decentralized Finance (DeFi)",2021-05-28
214,fetch-ai,FET,Fetch.ai,"Cosmos Ecosystem,Artificial Intelligence",2021-05-28
215,ark,ARK,Ark,"Polygon Ecosystem,Cryptocurrency",2021-05-28
216,perpetual-protocol,PERP,Perpetual Protocol,"Derivatives,Perpetuals,Decentralized Exchange Token (DEX),xDAI Ecosystem,Automated Market Maker (AMM),Decentralized Finance (DeFi),Exchange-based Tokens",2021-05-28
217,ampleforth-governance-token,FORTH,Ampleforth Governance Token,"Near Protocol Ecosystem,Governance",2021-05-28
218,monacoin,MONA,MonaCoin,Meme Tokens,2021-05-28
219,swipe,SXP,Swipe,"Finance / Banking,Binance Smart Chain Ecosystem",2021-05-28
220,zkswap,ZKS,ZKSwap,Decentralized Exchange Token (DEX),2021-05-28
221,trust-wallet-token,TWT,Trust Wallet Token,"Polygon Ecosystem,Binance Smart Chain Ecosystem",2021-05-28
222,velas,VLX,Velas,"Solana Ecosystem,Smart Contract Platform",2021-05-28
223,uquid-coin,UQC,Uquid Coin,,2021-05-28
224,electroneum,ETN,Electroneum,Finance / Banking,2021-05-28
225,unibright,UBT,Unibright,Infrastructure,2021-05-28
226,hive,HIVE,Hive,,2021-05-28
227,dodo,DODO,DODO,"Decentralized Exchange Token (DEX),Decentralized Finance (DeFi),Exchange-based Tokens",2021-05-28
228,hxro,HXRO,Hxro,Entertainment,2021-05-28
229,augur,REP,Augur,"Prediction Markets,Polygon Ecosystem,Protocol,Decentralized Finance (DeFi)",2021-05-28
230,shabu-shabu,KOBE,Shabu Shabu,,2021-05-28
231,tether-gold,XAUT,Tether Gold,"Tokenized Gold,Asset-backed Tokens",2021-05-28
232,wrapped-nxm,WNXM,Wrapped NXM,"Insurance,Wrapped-Tokens,Decentralized Finance (DeFi)",2021-05-28
233,kyber-network,KNCL,Kyber Network Crystal Legacy,"Decentralized Exchange Token (DEX),Automated Market Maker (AMM),Decentralized Finance (DeFi),Governance,Exchange-based Tokens",2021-05-28
234,bitshares,BTS,BitShares,Exchange-based Tokens,2021-05-28
235,wanchain,WAN,Wanchain,Protocol,2021-05-28
236,utrust,UTK,UTRUST,,2021-05-28
237,stratis,STRAX,Stratis,Smart Contract Platform,2021-05-28
238,storj,STORJ,Storj,Storage,2021-05-28
239,aragon,ANT,Aragon,"Cosmos Ecosystem,Software,Governance",2021-05-28
240,haven,XHV,Haven,Privacy Coins,2021-05-28
241,ultra,UOS,Ultra,"Entertainment,Non-Fungible Tokens (NFT),Gaming",2021-05-28
242,rif-token,RIF,RSK Infrastructure Framework,Protocol,2021-05-28
243,coti,COTI,COTI,,2021-05-28
244,concierge-io,AVA,Travala.com,Tourism,2021-05-28
245,metal,MTL,Metal,Cryptocurrency,2021-05-28
246,divi,DIVI,Divi,Masternodes,2021-05-28
247,defipulse-index,DPI,DeFiPulse Index,"Index,DeFi Index,TokenSets,Decentralized Finance (DeFi)",2021-05-28
248,gamercoin,GHX,GamerCoin,"Non-Fungible Tokens (NFT),Gaming",2021-05-28
249,district0x,DNT,district0x,Business Platform,2021-05-28
250,newscrypto-coin,NWC,Newscrypto Coin,Education,2021-05-28
251,bytom,BTM,Bytom,"Cosmos Ecosystem,Polygon Ecosystem,Smart Contract Platform",2021-05-28
252,reddcoin,RDD,Reddcoin,Finance / Banking,2021-05-28
253,syscoin,SYS,Syscoin,"Non-Fungible Tokens (NFT),Masternodes",2021-05-28
254,evolution-finance,EVN,Evolution Finance,,2021-05-28
255,nominex,NMX,Nominex,"Centralized Exchange Token (CEX),Exchange-based Tokens",2021-05-28
256,gas,GAS,Gas,,2021-05-28
257,noia-network,NOIA,Syntropy,,2021-05-28
258,redfox-labs-2,RFOX,RedFOX Labs,"Collectibles,Non-Fungible Tokens (NFT)",2021-05-28
259,hydra,HYDRA,Hydra,,2021-05-28
260,cardstarter,CARDS,Cardstarter,Launchpad,2021-05-28
261,polkastarter,POLS,Polkastarter,"Launchpad,Polkadot Ecosystem,Decentralized Finance (DeFi)",2021-05-28
262,quark-chain,QKC,QuarkChain,Other,2021-05-28
263,quick,QUICK,Quickswap,"Decentralized Exchange Token (DEX),Polygon Ecosystem,Automated Market Maker (AMM),Yield Farming,Decentralized Finance (DeFi),Exchange-based Tokens",2021-05-28
264,mx-token,MX,MX Token,"Centralized Exchange Token (CEX),Cryptocurrency,Exchange-based Tokens",2021-05-28
265,aelf,ELF,aelf,Infrastructure,2021-05-28
266,my-neighbor-alice,ALICE,My Neighbor Alice,"DaoMaker Ecosystem,Non-Fungible Tokens (NFT),Gaming",2021-05-28
267,oasis-network,ROSE,Oasis Network,,2021-05-28
268,handshake,HNS,Handshake,"Infrastructure,Protocol",2021-05-28
269,compound-0x,CZRX,c0x,"Finance / Banking,Compound Tokens,Asset-backed Tokens",2021-05-28
270,render-token,RNDR,Render Token,"Polygon Ecosystem,Non-Fungible Tokens (NFT)",2021-05-28
271,tokocrypto,TKO,Tokocrypto,,2021-05-28
272,paccoin,PAC,PAC Protocol,Masternodes,2021-05-28
273,e-radix,EXRD,e-Radix,,2021-05-28
274,keep-network,KEEP,Keep Network,"Protocol,Decentralized Finance (DeFi)",2021-05-28
275,atari,ATRI,Atari,"Polygon Ecosystem,Non-Fungible Tokens (NFT),Gaming",2021-05-28
276,pha,PHA,Phala Network,Polkadot Ecosystem,2021-05-28
277,kardiachain,KAI,KardiaChain,Infrastructure,2021-05-28
278,power-ledger,POWR,Power Ledger,Energy,2021-05-28
279,hoge-finance,HOGE,Hoge Finance,Meme Tokens,2021-05-28
280,ellipsis,EPS,Ellipsis,"Decentralized Exchange Token (DEX),Decentralized Finance (DeFi),Exchange-based Tokens",2021-05-28
281,usdp,USDP,USDP Stablecoin,"USD Stablecoin,Yield Farming,Stablecoins",2021-05-28
282,safepal,SFP,SafePal,"Wallets,Binance Smart Chain Ecosystem",2021-05-28
283,crypto20,C20,CRYPTO20,Number,2021-05-28
284,origintrail,TRAC,OriginTrail,"xDAI Ecosystem,Polkadot Ecosystem",2021-05-28
285,unit-protocol,COL,Unit Protocol,"Yield Farming,Decentralized Finance (DeFi)",2021-05-28
286,ankreth,AETH,ankrETH,Eth 2.0 Staking,2021-05-28
287,lockchain,LOC,LockTrip,Tourism,2021-05-28
288,secret,SCRT,Secret,"Cosmos Ecosystem,Smart Contract Platform,Privacy Coins",2021-05-28
289,gny,GNY,GNY,Artificial Intelligence,2021-05-28
290,coinmetro,XCM,CoinMetro,Exchange-based Tokens,2021-05-28
291,frax,FRAX,Frax,"Seigniorage,Avalanche Ecosystem,Polygon Ecosystem,Decentralized Finance (DeFi),Stablecoins",2021-05-28
292,tomochain,TOMO,TomoChain,Smart Contract Platform,2021-05-28
293,dao-maker,DAO,DAO Maker,"Launchpad,DaoMaker Ecosystem,Governance",2021-05-28
294,linear,LINA,Linear,"Decentralized Exchange Token (DEX),Yield Farming,Polkadot Ecosystem,Decentralized Finance (DeFi),Exchange-based Tokens",2021-05-28
295,badger-dao,BADGER,Badger DAO,"Yield Aggregator,Yield Farming,Decentralized Finance (DeFi),Governance",2021-05-28
296,nucypher,NU,NuCypher,Protocol,2021-05-28
297,gemini-dollar,GUSD,Gemini Dollar,"USD Stablecoin,Stablecoins",2021-05-28
298,adex,ADX,AdEx,"Media,Marketing,Polkadot Ecosystem",2021-05-28
299,tellor,TRB,Tellor,"Polygon Ecosystem,Business Services,Decentralized Finance (DeFi),Oracle",2021-05-28
300,mask-network,MASK,Mask Network,Privacy Coins,2021-05-28
301,kin,KIN,Kin,"Solana Ecosystem,Communication",2021-05-28
302,parsiq,PRQ,PARSIQ,"Business Services,Infrastructure,Smart Contract Platform,Analytics",2021-05-28
303,lukso-token,LYXE,LUKSO Token,Non-Fungible Tokens (NFT),2021-05-28
304,vai,VAI,Vai,"USD Stablecoin,Binance Smart Chain Ecosystem,Decentralized Finance (DeFi),Stablecoins",2021-05-28
305,auction,AUCTION,Bounce,"Launchpad,Binance Smart Chain Ecosystem,Polkadot Ecosystem,Decentralized Finance (DeFi)",2021-05-28
306,truefi,TRU,TrueFi,"Lending/Borrowing,Yield Farming,Decentralized Finance (DeFi)",2021-05-28
307,dogelon-mars,ELON,Dogelon Mars,Meme Tokens,2021-05-28
308,melon,MLN,Enzyme,"Asset Manager,Finance / Banking,Business Platform,Decentralized Finance (DeFi)",2021-05-28
309,fx-coin,FX,Function X,,2021-05-28
310,sonm,SNM,SONM,Storage,2021-05-28
311,smooth-love-potion,SLP,Smooth Love Potion,"Axie Infinity,Entertainment,Non-Fungible Tokens (NFT)",2021-05-28
312,lambda,LAMB,Lambda,"Cosmos Ecosystem,Infrastructure",2021-05-28
313,rook,ROOK,KeeperDAO,"Business Services,Yield Farming,Decentralized Finance (DeFi)",2021-05-28
314,mainframe,MFT,Hifi Finance,,2021-05-28
315,aion,AION,Aion,Cryptocurrency,2021-05-28
316,just,JST,JUST,Decentralized Finance (DeFi),2021-05-28
317,bonfida,FIDA,Bonfida,"Solana Ecosystem,Big Data,Business Services,Infrastructure,Decentralized Finance (DeFi)",2021-05-28
318,compound-basic-attention-token,CBAT,cBAT,"Finance / Banking,Decentralized Finance (DeFi),Compound Tokens,Asset-backed Tokens",2021-05-28
319,insure,SURE,inSure DeFi,Technology & Science,2021-05-28
320,chromaway,CHR,Chromia,Smart Contract Platform,2021-05-28
321,bytecoin,BCN,Bytecoin,Privacy Coins,2021-05-28
322,constellation-labs,DAG,Constellation,,2021-05-28
323,unit-protocol-duck,DUCK,Unit Protocol New,"Lending/Borrowing,Yield Farming,Decentralized Finance (DeFi),Governance",2021-05-28
324,alchemist,MIST,Alchemist,,2021-05-28
325,carry,CRE,Carry,Business Platform,2021-05-28
326,gala,GALA,Gala,"Polygon Ecosystem,Non-Fungible Tokens (NFT),Gaming",2021-05-28
327,verasity,VRA,Verasity,Entertainment,2021-05-28
328,verus-coin,VRSC,Verus Coin,,2021-05-28
329,derivadao,DDX,DerivaDAO,"Derivatives,Decentralized Exchange Token (DEX),Decentralized Finance (DeFi)",2021-05-28
330,edgeware,EDG,Edgeware,Polkadot Ecosystem,2021-05-28
331,super-zero,SERO,SERO,"Protocol,Privacy Coins",2021-05-28
332,alpaca-finance,ALPACA,Alpaca Finance,"Lending/Borrowing,Yield Aggregator,Polygon Ecosystem,Yield Farming,Binance Smart Chain Ecosystem,Decentralized Finance (DeFi),Governance",2021-05-28
333,energi,NRG,Energi,Masternodes,2021-05-28
334,zcoin,FIRO,Firo,"Masternodes,Privacy Coins",2021-05-28
335,refinable,FINE,Refinable,"Non-Fungible Tokens (NFT),Binance Smart Chain Ecosystem",2021-05-28
336,cream-2,CREAM,Cream,"Yearn Ecosystem,Lending/Borrowing,Automated Market Maker (AMM),Binance Smart Chain Ecosystem,Decentralized Finance (DeFi),Governance",2021-05-28
337,iris-network,IRIS,IRISnet,Cosmos Ecosystem,2021-05-28
338,populous,PPT,Populous,Business Services,2021-05-28
339,apollo,APL,Apollo,Privacy Coins,2021-05-28
340,dia-data,DIA,DIA,"Polygon Ecosystem,Decentralized Finance (DeFi),Oracle",2021-05-28
341,rally-2,RLY,Rally,"Yield Farming,Social Money",2021-05-28
342,cobak-token,CBK,Cobak Token,,2021-05-28
343,thunder-token,TT,ThunderCore,Smart Contract Platform,2021-05-28
344,groestlcoin,GRS,Groestlcoin,Privacy Coins,2021-05-28
345,niobio-cash,NBR,Niobio,Cryptocurrency,2021-05-28
346,trustswap,SWAP,Trustswap,"Launchpad,Decentralized Finance (DeFi)",2021-05-28
347,wozx,WOZX,Efforce,,2021-05-28
348,liquity,LQTY,Liquity,"Lending/Borrowing,Decentralized Finance (DeFi)",2021-05-28
349,ignis,IGNIS,Ignis,,2021-05-28
350,superfarm,SUPER,SuperFarm,"Polygon Ecosystem,Collectibles,Non-Fungible Tokens (NFT)",2021-05-28
351,safemars,SAFEMARS,Safemars,,2021-05-28
352,crust-network,CRU,Crust Network,Polkadot Ecosystem,2021-05-28
353,ethernity-chain,ERN,Ethernity Chain,"Collectibles,Non-Fungible Tokens (NFT)",2021-05-28
354,allianceblock,ALBT,AllianceBlock,,2021-05-28
355,tokenlon,LON,Tokenlon,"Decentralized Exchange Token (DEX),Decentralized Finance (DeFi)",2021-05-28
356,sora-validator-token,VAL,Sora Validator Token,,2021-05-28
357,mxc,MXC,MXC,"Internet of Things (IOT),Polkadot Ecosystem",2021-05-28
358,barnbridge,BOND,BarnBridge,"Derivatives,Yield Farming,Decentralized Finance (DeFi),Governance",2021-05-28
359,zero-collateral-dai,ZAI,Zero Collateral Dai,Seigniorage,2021-05-28
360,ramp,RAMP,RAMP,"Solana Ecosystem,Lending/Borrowing,Decentralized Finance (DeFi)",2021-05-28
361,hathor,HTR,Hathor,,2021-05-28
362,beam,BEAM,BEAM,"Cryptocurrency,Privacy Coins",2021-05-28
363,marlin,POND,Marlin,Infrastructure,2021-05-28
364,yfii-finance,YFII,DFI.money,"Yield Aggregator,Yield Farming,Decentralized Finance (DeFi),Governance",2021-05-28
365,marketpeak,PEAK,PEAKDEFI,,2021-05-28
366,bilira,TRYB,BiLira,"Avalanche Ecosystem,Finance / Banking,Stablecoins",2021-05-28
367,elastos,ELA,Elastos,Smart Contract Platform,2021-05-28
368,kleros,PNK,Kleros,"Prediction Markets,Polygon Ecosystem",2021-05-28
369,api3,API3,API3,"Number,Polygon Ecosystem,Decentralized Finance (DeFi),Oracle",2021-05-28
370,kadena,KDA,Kadena,"Cosmos Ecosystem,Protocol,Smart Contract Platform",2021-05-28
371,loom-network,LOOMOLD,Loom Network (OLD),"Cosmos Ecosystem,Infrastructure",2021-05-28
372,solve-care,SOLVE,SOLVE,Healthcare,2021-05-28
373,ecofi,ECO,EcoFi,,2021-05-28
374,beefy-finance,BIFI,Beefy.Finance,"HECO Chain Ecosystem,Avalanche Ecosystem,Yield Aggregator,Binance Smart Chain Ecosystem,Decentralized Finance (DeFi)",2021-05-28
375,rari-governance-token,RGT,Rari Governance Token,"Yield Aggregator,Yield Farming,Decentralized Finance (DeFi),Governance",2021-05-28
376,hegic,HEGIC,Hegic,"Derivatives,Options,Decentralized Finance (DeFi),Exchange-based Tokens",2021-05-28
377,aeternity,AE,Aeternity,"Infrastructure,Smart Contract Platform",2021-05-28
378,whale,WHALE,WHALE,"Non-Fungible Tokens (NFT),Social Money",2021-05-28
379,steem-dollars,SBD,Steem Dollars,,2021-05-28
380,einsteinium,EMC2,Einsteinium,,2021-05-28
381,unfederalreserve,ERSDL,UnFederalReserve,"Yield Farming,Governance",2021-05-28
382,seur,SEUR,sEUR,"EUR Stablecoin,Synths,Decentralized Finance (DeFi),Stablecoins,Asset-backed Tokens",2021-05-28
383,waykichain,WICC,WaykiChain,Cryptocurrency,2021-05-28
384,get-token,GET,GET Protocol,"Protocol,Non-Fungible Tokens (NFT)",2021-05-28
385,nuls,NULS,Nuls,Smart Contract Platform,2021-05-28
386,lbry-credits,LBC,LBRY Credits,,2021-05-28
387,xyo-network,XYO,XYO Network,,2021-05-28
388,sharering,SHR,ShareToken,Business Platform,2021-05-28
389,nerve-finance,NRV,Nerve Finance,"Decentralized Exchange Token (DEX),Decentralized Finance (DeFi),Exchange-based Tokens",2021-05-28
390,zenon,ZNN,Zenon,Infrastructure,2021-05-28
391,refereum,RFR,Refereum,Entertainment,2021-05-28
392,bella-protocol,BEL,Bella Protocol,"Binance Launchpool,Yield Aggregator,Binance Smart Chain Ecosystem,Decentralized Finance (DeFi)",2021-05-28
393,yuan-chain-coin,YCC,Yuan Chain Coin,,2021-05-28
394,stp-network,STPT,STP Network,"Derivatives,Synthetic Issuer,Polkadot Ecosystem,Decentralized Finance (DeFi)",2021-05-28
395,fsn,FSN,FUSION,Finance / Banking,2021-05-28
396,litentry,LIT,Litentry,Polkadot Ecosystem,2021-05-28
397,lto-network,LTO,LTO Network,Cryptocurrency,2021-05-28
398,bosagora,BOA,BOSAGORA,Technology & Science,2021-05-28
399,akropolis,AKRO,Akropolis,"Yearn Ecosystem,Yield Aggregator,Finance / Banking,Business Platform,Polkadot Ecosystem,Decentralized Finance (DeFi)",2021-05-28
400,paid-network,PAID,PAID Network,"Launchpad,Polkadot Ecosystem",2021-05-28
401,neutrino-system-base-token,NSBT,Neutrino System Base Token,Decentralized Finance (DeFi),2021-05-28
402,olympus,OHM,Olympus,Rebase Tokens,2021-05-28
403,vite,VITE,Vite,"Decentralized Exchange Token (DEX),Smart Contract Platform",2021-05-28
404,bluzelle,BLZ,Bluzelle,"Cosmos Ecosystem,Storage,Polkadot Ecosystem",2021-05-28
405,waultswap,WEX,WaultSwap,"Decentralized Exchange Token (DEX),Automated Market Maker (AMM),Yield Farming,Binance Smart Chain Ecosystem,Decentralized Finance (DeFi),Exchange-based Tokens",2021-05-28
406,vesper-finance,VSP,Vesper Finance,"Yield Aggregator,Yield Farming,Decentralized Finance (DeFi)",2021-05-28
407,cvault-finance,CORE,cVault.finance,Governance,2021-05-28
408,request-network,REQ,Request,Business Services,2021-05-28
409,fc-barcelona-fan-token,BAR,FC Barcelona Fan Token,"Fan Token,Sports",2021-05-28
410,gitcoin,GTC,Gitcoin,,2021-05-28
411,cream-eth2,CRETH2,Cream ETH 2,Eth 2.0 Staking,2021-05-28
412,telos,TLOS,Telos,Cryptocurrency,2021-05-28
413,pivx,PIVX,PIVX,"Masternodes,Privacy Coins",2021-05-28
414,maps,MAPS,MAPS,Solana Ecosystem,2021-05-28
415,sparkpoint,SRK,SparkPoint,,2021-05-28
416,certik,CTK,CertiK,"Binance Launchpool,Cosmos Ecosystem,Business Services",2021-05-28
417,mcdex,MCB,MCDEX,"Derivatives,Perpetuals,Decentralized Exchange Token (DEX),Decentralized Finance (DeFi),Exchange-based Tokens",2021-05-28
418,dforce-token,DF,dForce Token,"Cryptocurrency,Decentralized Finance (DeFi)",2021-05-28
419,index-cooperative,INDEX,Index Cooperative,"Asset Manager,Decentralized Finance (DeFi),Governance",2021-05-28
420,cumrocket,CUMMIES,CumRocket,Meme Tokens,2021-05-28
421,sbtc,SBTC,sBTC,"Tokenized BTC,Synths,Decentralized Finance (DeFi),Asset-backed Tokens",2021-05-28
422,chainx,PCX,ChainX,"Cryptocurrency,Polkadot Ecosystem",2021-05-28
423,lido-dao,LDO,Lido DAO,"Infrastructure,Decentralized Finance (DeFi)",2021-05-28
424,streamr-datacoin,DATA,Streamr,"Internet of Things (IOT),xDAI Ecosystem,Big Data,Infrastructure",2021-05-28
425,stacktical,DSLA,DSLA Protocol,"Infrastructure,Protocol",2021-05-28
426,sora,XOR,Sora,"Cryptocurrency,Polkadot Ecosystem",2021-05-28
427,mantra-dao,OM,MANTRA DAO,"Launchpad,Polygon Ecosystem,Polkadot Ecosystem",2021-05-28
428,mercurial,MER,Mercurial,,2021-05-28
429,eth-2x-flexible-leverage-index,ETH2X-FLI,ETH 2x Flexible Leverage Index,"Index,DeFi Index,Decentralized Finance (DeFi)",2021-05-28
430,terra-krw,KRT,TerraKRW,"KRW Stablecoin,Terra Ecosystem,Stablecoins",2021-05-28
431,xdai-stake,STAKE,xDAI Stake,xDAI Ecosystem,2021-05-28
432,hydradx,XHDX,HydraDX,Polygon Ecosystem,2021-05-28
433,celo-dollar,CUSD,Celo Dollar,,2021-05-28
434,aergo,AERGO,Aergo,Smart Contract Platform,2021-05-28
435,slink,SLINK,sLINK,"Synths,Asset-backed Tokens",2021-05-28
436,dragonchain,DRGN,Dragonchain,,2021-05-28
437,armor,ARMOR,ARMOR,"Insurance,Decentralized Finance (DeFi)",2021-05-28
438,anyswap,ANY,Anyswap,"Decentralized Exchange Token (DEX),Automated Market Maker (AMM),Decentralized Finance (DeFi)",2021-05-28
439,alpha-quark-token,AQT,Alpha Quark Token,,2021-05-28
440,occamfi,OCC,OccamFi,,2021-05-28
441,privateum,PVM,Privateum,,2021-05-28
442,terra-virtua-kolect,TVK,Terra Virtua Kolect,"Polygon Ecosystem,Non-Fungible Tokens (NFT)",2021-05-28
443,nexus,NXS,Nexus,,2021-05-28
444,nimiq-2,NIM,Nimiq,,2021-05-28
445,hermez-network-token,HEZ,Hermez Network,,2021-05-28
446,shopping-io,SPI,Shopping.io,,2021-05-28
447,earthcoin,EAC,Earthcoin,,2021-05-28
448,btu-protocol,BTU,BTU Protocol,"Polygon Ecosystem,Cryptocurrency",2021-05-28
449,dusk-network,DUSK,DUSK Network,"Smart Contract Platform,Privacy Coins",2021-05-28
450,smartkey,SKEY,SmartKey,"Internet of Things (IOT),Business Services,Oracle",2021-05-28
451,hackenai,HAI,Hacken Token,,2021-05-28
452,bzx-protocol,BZRX,bZx Protocol,"Lending/Borrowing,Decentralized Exchange Token (DEX),Decentralized Finance (DeFi),Exchange-based Tokens",2021-05-28
453,hard-protocol,HARD,HARD Protocol,"Binance Launchpool,Cosmos Ecosystem,Lending/Borrowing,Decentralized Finance (DeFi)",2021-05-28
454,sai,SAI,Sai,Decentralized Finance (DeFi),2021-05-28
455,bscpad,BSCPAD,BSCPAD,Launchpad,2021-05-28
456,eterbase,XBASE,Eterbase Utility Token,Exchange-based Tokens,2021-05-28
457,digixdao,DGD,DigixDAO,,2021-05-28
458,free-coin,FREE,FREE coin,Cryptocurrency,2021-05-28
459,cargox,CXO,CargoX,"Polygon Ecosystem,Infrastructure",2021-05-28
460,cope,COPE,Cope,,2021-05-28
461,loki-network,OXEN,Oxen,"Business Platform,Masternodes,Privacy Coins",2021-05-28
462,btse-token,BTSE,BTSE Token,Exchange-based Tokens,2021-05-28
463,frontier-token,FRONT,Frontier,"Solana Ecosystem,Decentralized Finance (DeFi)",2021-05-28
464,saffron-finance,SFI,saffron.finance,"Yield Farming,Binance Smart Chain Ecosystem,Decentralized Finance (DeFi)",2021-05-28
465,nxt,NXT,NXT,Smart Contract Platform,2021-05-28
466,burst,BURST,Burst,Smart Contract Platform,2021-05-28
467,hshare,HC,HyperCash,Cryptocurrency,2021-05-28
468,fio-protocol,FIO,FIO Protocol,Protocol,2021-05-28
469,pnetwork,PNT,pNetwork,"Polygon Ecosystem,xDAI Ecosystem,Infrastructure,Decentralized Finance (DeFi)",2021-05-28
470,lgcy-network,LGCY,LGCY Network,,2021-05-28
471,propy,PRO,Propy,Real Estate,2021-05-28
472,contentos,COS,Contentos,"Entertainment,Non-Fungible Tokens (NFT)",2021-05-28
473,legolas-exchange,LGO,LGO Token,"Centralized Exchange Token (CEX),Exchange-based Tokens",2021-05-28
474,bifrost,BFC,Bifrost,Cryptocurrency,2021-05-28
475,rarible,RARI,Rarible,"Non-Fungible Tokens (NFT),Governance",2021-05-28
476,aavegotchi,GHST,Aavegotchi,"Polygon Ecosystem,Collectibles,Non-Fungible Tokens (NFT),Governance",2021-05-28
477,trias-token,TRIAS,Trias Token,,2021-05-28
478,glitch-protocol,GLCH,Glitch Protocol,Polygon Ecosystem,2021-05-28
479,peercoin,PPC,Peercoin,,2021-05-28
480,suku,SUKU,SUKU,,2021-05-28
481,vertcoin,VTC,Vertcoin,,2021-05-28
482,v-systems,VSYS,V.SYSTEMS,Infrastructure,2021-05-28
483,gxchain,GXC,GXChain,Big Data,2021-05-28
484,arpa-chain,ARPA,ARPA Chain,,2021-05-28
485,harvest-finance,FARM,Harvest Finance,"Yield Aggregator,Yield Farming,Decentralized Finance (DeFi),Governance",2021-05-28
486,pangolin,PNG,Pangolin,"Avalanche Ecosystem,Decentralized Exchange Token (DEX),Decentralized Finance (DeFi)",2021-05-28
487,deepbrain-chain,DBC,DeepBrain Chain,Artificial Intelligence,2021-05-28
488,belt,BELT,Belt,"Decentralized Exchange Token (DEX),Binance Smart Chain Ecosystem,Decentralized Finance (DeFi),Exchange-based Tokens",2021-05-28
489,metahash,MHC,#MetaHash,Other,2021-05-28
490,iocoin,IOC,I/O Coin,Cryptocurrency,2021-05-28
491,dego-finance,DEGO,Dego Finance,"Non-Fungible Tokens (NFT),Binance Smart Chain Ecosystem,Polkadot Ecosystem,Governance",2021-05-28
492,unlend-finance,UFT,UniLend Finance,"Lending/Borrowing,Decentralized Finance (DeFi)",2021-05-28
493,dmarket,DMT,DMarket,Non-Fungible Tokens (NFT),2021-05-28
494,stasis-eurs,EURS,STASIS EURO,"Finance / Banking,Cryptocurrency,EUR Stablecoin,Stablecoins",2021-05-28
495,radicle,RAD,Radicle,Infrastructure,2021-05-28
496,zb-token,ZB,ZB Token,"Centralized Exchange Token (CEX),Exchange-based Tokens",2021-05-28
497,metronome,MET,Metronome,Cryptocurrency,2021-05-28
498,smartlands,SLT,Smartlands Network,,2021-05-28
499,bip,BIP,Minter,Cryptocurrency,2021-05-28
500,yield-app,YLD,YIELD App,Finance / Banking,2021-05-28
501,sentinel-protocol,UPP,Sentinel Protocol,,2021-05-28
502,vectorspace,VXV,Vectorspace AI,Artificial Intelligence,2021-05-28
503,chain-games,CHAIN,Chain Games,"Polygon Ecosystem,Entertainment,Gaming",2021-05-28
504,pooltogether,POOL,PoolTogether,"Polygon Ecosystem,xDAI Ecosystem,Decentralized Finance (DeFi),Governance",2021-05-28
505,veritaseum,VERI,Veritaseum,,2021-05-28
506,kylin-network,KYL,Kylin Network,"Business Services,Infrastructure,Smart Contract Platform,Polkadot Ecosystem,Oracle",2021-05-28
507,visor,VISR,Visor,,2021-05-28
508,paris-saint-germain-fan-token,PSG,Paris Saint-Germain Fan Token,"Fan Token,Sports",2021-05-28
509,switcheo,SWTH,Switcheo,"Cosmos Ecosystem,Decentralized Exchange Token (DEX),Decentralized Finance (DeFi),Exchange-based Tokens",2021-05-28
510,auto,AUTO,Auto,"HECO Chain Ecosystem,Yield Aggregator,Polygon Ecosystem,Binance Smart Chain Ecosystem,Decentralized Finance (DeFi)",2021-05-28
511,dero,DERO,Dero,Privacy Coins,2021-05-28
512,illuvium,ILV,Illuvium,"Non-Fungible Tokens (NFT),Gaming",2021-05-28
513,bridge-mutual,BMI,Bridge Mutual,"Insurance,Polkadot Ecosystem",2021-05-28
514,unifty,NIF,Unifty,"Polygon Ecosystem,xDAI Ecosystem,Non-Fungible Tokens (NFT)",2021-05-28
515,endor,EDR,Endor Protocol Token,,2021-05-28
516,convergence,CONV,Convergence,Polkadot Ecosystem,2021-05-28
517,bao-finance,BAO,Bao Finance,"xDAI Ecosystem,Yield Farming",2021-05-28
518,rootkit,ROOT,Rootkit,,2021-05-28
519,stafi,FIS,Stafi,"Polkadot Ecosystem,Decentralized Finance (DeFi)",2021-05-28
520,babb,BAX,BABB,Finance / Banking,2021-05-28
521,moviebloc,MBL,MovieBloc,,2021-05-28
522,xsgd,XSGD,XSGD,,2021-05-28
523,mithril,MITH,Mithril,,2021-05-28
524,ripio-credit-network,RCN,Ripio Credit Network,"Lending/Borrowing,Binance Smart Chain Ecosystem,Decentralized Finance (DeFi)",2021-05-28
525,dock,DOCK,Dock,"Big Data,Polkadot Ecosystem",2021-05-28
526,mossland,MOC,Mossland,Augmented Reality,2021-05-28
527,dentacoin,DCN,Dentacoin,Healthcare,2021-05-28
528,nest,NEST,Nest Protocol,"Decentralized Finance (DeFi),Oracle",2021-05-28
529,sportx,SX,SportX,Polygon Ecosystem,2021-05-28
530,hopr,HOPR,HOPR,"xDAI Ecosystem,Protocol,Governance,Privacy Coins",2021-05-28
531,0chain,ZCN,0chain,Storage,2021-05-28
532,wing-finance,WING,Wing Finance,"Binance Launchpool,Decentralized Finance (DeFi)",2021-05-28
533,gochain,GO,GoChain,Business Platform,2021-05-28
534,boringdao,BOR,BoringDAO,"Polygon Ecosystem,Decentralized Finance (DeFi)",2021-05-28
535,rai,RAI,Rai Reflex Index,"Decentralized Finance (DeFi),Asset-backed Tokens",2021-05-28
536,franklin,FLY,Franklin,,2021-05-28
537,tornado-cash,TORN,Tornado Cash,Decentralized Finance (DeFi),2021-05-28
538,musd,MUSD,mStable USD,"Polygon Ecosystem,USD Stablecoin,Decentralized Finance (DeFi),Stablecoins",2021-05-28
539,aurora-dao,IDEX,IDEX,"Decentralized Exchange Token (DEX),Decentralized Finance (DeFi),Exchange-based Tokens",2021-05-28
540,somnium-space-cubes,CUBE,Somnium Space CUBEs,"Metaverse,Near Protocol Ecosystem,Polygon Ecosystem,Non-Fungible Tokens (NFT),Virtual Reality",2021-05-28
541,mirrored-ishares-silver-trust,MSLV,Mirrored iShares Silver Trust,Mirrored Assets,2021-05-28
542,velo,VELO,Velo,,2021-05-28
543,tbtc,TBTC,tBTC,"Tokenized BTC,Decentralized Finance (DeFi),Asset-backed Tokens",2021-05-28
544,everid,ID,Everest,Business Platform,2021-05-28
545,usdk,USDK,USDK,"USD Stablecoin,Stablecoins",2021-05-28
546,red-pulse,PHB,Phoenix Global,Business Services,2021-05-28
547,callisto,CLO,Callisto Network,Cryptocurrency,2021-05-28
548,mirrored-tesla,MTSLA,Mirrored Tesla,Mirrored Assets,2021-05-28
549,decentral-games,DG,Decentral Games,"Metaverse,Gambling,Polygon Ecosystem,Entertainment,Non-Fungible Tokens (NFT),Gaming",2021-05-28
550,dea,DEA,DEA,"Derivatives,Decentralized Finance (DeFi)",2021-05-28
551,keep3rv1,KP3R,Keep3rV1,"Yearn Ecosystem,Number,Infrastructure,Decentralized Finance (DeFi)",2021-05-28
552,neon-exchange,NEX,Nash,"Decentralized Exchange Token (DEX),Polygon Ecosystem,Decentralized Finance (DeFi),Exchange-based Tokens",2021-05-28
553,superbid,SUPERBID,SuperBid,Non-Fungible Tokens (NFT),2021-05-28
554,airswap,AST,AirSwap,"Decentralized Exchange Token (DEX),Decentralized Finance (DeFi),Exchange-based Tokens",2021-05-28
555,ultiledger,ULT,Ultiledger,,2021-05-28
556,videocoin,VID,VideoCoin,Entertainment,2021-05-28
557,byteball,GBYTE,Obyte,Smart Contract Platform,2021-05-28
558,zano,ZANO,Zano,"Cryptocurrency,Privacy Coins",2021-05-28
559,idextools,DEXT,DexTools,"Business Services,Analytics",2021-05-28
560,cudos,CUDOS,Cudos,,2021-05-28
561,kuma-inu,KUMA,Kuma Inu,,2021-05-28
562,mobiecoin,MBX,MobieCoin,,2021-05-28
563,insurace,INSUR,InsurAce,"Insurance,Decentralized Finance (DeFi)",2021-05-28
564,hunt-token,HUNT,HUNT,Technology & Science,2021-05-28
565,frax-share,FXS,Frax Share,"Seigniorage,Avalanche Ecosystem,Decentralized Finance (DeFi)",2021-05-28
566,mirrored-google,MGOOGL,Mirrored Google,Mirrored Assets,2021-05-28
567,platoncoin,PLTC,PlatonCoin,Cryptocurrency,2021-05-28
568,mirrored-invesco-qqq-trust,MQQQ,Mirrored Invesco QQQ Trust,Mirrored Assets,2021-05-28
569,bit-z-token,BZ,BitZ Token,Exchange-based Tokens,2021-05-28
570,cindicator,CND,Cindicator,,2021-05-28
571,atletico-madrid,ATM,Atletico Madrid Fan Token,"Fan Token,Sports",2021-05-28
572,arianee,ARIA20,Arianee,"Number,Business Platform",2021-05-28
573,quantstamp,QSP,Quantstamp,Business Services,2021-05-28
574,zeroswap,ZEE,ZeroSwap,"Launchpad,Polygon Ecosystem,Binance Smart Chain Ecosystem",2021-05-28
575,banano,BAN,Banano,"Meme Tokens,Cryptocurrency",2021-05-28
576,modefi,MOD,Modefi,Oracle,2021-05-28
577,swingby,SWINGBY,Swingby,Polygon Ecosystem,2021-05-28
578,robonomics-network,XRT,Robonomics Network,"Internet of Things (IOT),Polkadot Ecosystem",2021-05-28
579,mirrored-twitter,MTWTR,Mirrored Twitter,Mirrored Assets,2021-05-28
580,etherisc,DIP,Etherisc DIP Token,"Insurance,Finance / Banking",2021-05-28
581,skycoin,SKY,Skycoin,,2021-05-28
582,neblio,NEBL,Neblio,Smart Contract Platform,2021-05-28
583,mirrored-apple,MAAPL,Mirrored Apple,Mirrored Assets,2021-05-28
584,digitalbits,XDB,DigitalBits,Cryptocurrency,2021-05-28
585,stakenet,XSN,Stakenet,"Cryptocurrency,Masternodes",2021-05-28
586,bondly,BONDLY,Bondly,"Polygon Ecosystem,Non-Fungible Tokens (NFT),Binance Smart Chain Ecosystem,Polkadot Ecosystem,Decentralized Finance (DeFi)",2021-05-28
587,mirrored-amazon,MAMZN,Mirrored Amazon,Mirrored Assets,2021-05-28
588,raiden-network,RDN,Raiden Network Token,Infrastructure,2021-05-28
589,usdx,USDX,USDX,"USD Stablecoin,Stablecoins",2021-05-28
590,helmet-insure,HELMET,Helmet Insure,,2021-05-28
591,unicly-cryptopunks-collection,UPUNK,Unicly CryptoPunks Collection,"uTokens,Non-Fungible Tokens (NFT)",2021-05-28
592,sentinel-group,DVPN,Sentinel [OLD],"Cosmos Ecosystem,Technology & Science",2021-05-28
593,mirrored-united-states-oil-fund,MUSO,Mirrored United States Oil Fund,Mirrored Assets,2021-05-28
594,step-finance,STEP,Step Finance,"Solana Ecosystem,Decentralized Finance (DeFi)",2021-05-28
595,mirrored-netflix,MNFLX,Mirrored Netflix,Mirrored Assets,2021-05-28
596,cashaa,CAS,Cashaa,,2021-05-28
597,mirrored-alibaba,MBABA,Mirrored Alibaba,Mirrored Assets,2021-05-28
598,route,ROUTE,Router Protocol,Polygon Ecosystem,2021-05-28
599,pibble,PIB,Pibble,,2021-05-28
600,cardstack,CARD,Cardstack,Protocol,2021-05-28
601,sentivate,SNTVT,Sentivate,Internet of Things (IOT),2021-05-28
602,vitae,VITAE,Vitae,,2021-05-28
603,sport-and-leisure,SNL,Sport and Leisure,Entertainment,2021-05-28
604,all-sports,SOC,All Sports,,2021-05-28
605,morpheus-network,MRPH,Morpheus Network,Infrastructure,2021-05-28
606,mirrored-microsoft,MMSFT,Mirrored Microsoft,Mirrored Assets,2021-05-28
607,revv,REVV,REVV,"Non-Fungible Tokens (NFT),Sports",2021-05-28
608,gerowallet,GERO,GeroWallet,,2021-05-28
609,deapcoin,DEP,DEAPCOIN,"Entertainment,Non-Fungible Tokens (NFT),Gaming",2021-05-28
610,te-food,TONE,TE-FOOD,Manufacturing,2021-05-28
611,depth-token,DEP,Depth Token,"HECO Chain Ecosystem,Decentralized Finance (DeFi)",2021-05-28
612,namecoin,NMC,Namecoin,,2021-05-28
613,salt,SALT,SALT,,2021-05-28
614,zelcash,FLUX,Flux,"Cryptocurrency,Masternodes,Privacy Coins",2021-05-28
615,meta,MTA,mStable Governance Token: Meta,"Yield Aggregator,Decentralized Finance (DeFi),Governance",2021-05-28
616,bitmart-token,BMX,BitMart Token,Exchange-based Tokens,2021-05-28
617,seedify-fund,SFUND,Seedify.fund,"Launchpad,Binance Smart Chain Ecosystem,Decentralized Finance (DeFi)",2021-05-28
618,unifi-protocol-dao,UNFI,Unifi Protocol DAO,"Binance Launchpool,Binance Smart Chain Ecosystem,Decentralized Finance (DeFi)",2021-05-28
619,bet-protocol,BEPRO,BEPRO Network,"Gambling,Entertainment",2021-05-28
620,smartcash,SMART,SmartCash,Masternodes,2021-05-28
621,qash,QASH,QASH,Exchange-based Tokens,2021-05-28
622,nftx,NFTX,NFTX,"Asset Manager,Non-Fungible Tokens (NFT),Decentralized Finance (DeFi)",2021-05-28
623,proton,XPR,Proton,Finance / Banking,2021-05-28
624,cyberfi,CFI,CyberFi,"Launchpad,Polygon Ecosystem,Business Services",2021-05-28
625,govi,GOVI,Govi,"Derivatives,Decentralized Finance (DeFi)",2021-05-28
626,infinitecoin,IFC,Infinitecoin,,2021-05-28
627,coinzoom-token,ZOOM,CoinZoom Token,,2021-05-28
628,v-id-blockchain,VIDT,VIDT Datalink,"Business Services,Non-Fungible Tokens (NFT)",2021-05-28
629,hotbit-token,HTB,Hotbit Token,"Centralized Exchange Token (CEX),Exchange-based Tokens",2021-05-28
630,bnktothefuture,BFT,BnkToTheFuture,Finance / Banking,2021-05-28
631,juventus-fan-token,JUV,Juventus Fan Token,"Fan Token,Sports",2021-05-28
632,defi-for-you,DFY,Defi For You,,2021-05-28
633,zap,ZAP,Zap,Oracle,2021-05-28
634,grin,GRIN,Grin,"Cryptocurrency,Privacy Coins",2021-05-28
635,content-value-network,CVNT,Content Value Network,Entertainment,2021-05-28
636,finxflo,FXF,Finxflo,,2021-05-28
637,wrapped-crescofin,WCRES,Wrapped CrescoFin,"Wrapped-Tokens,Finance / Banking,Decentralized Finance (DeFi)",2021-05-28
638,waltonchain,WTC,Waltonchain,Business Services,2021-05-28
639,freeway-token,FWT,Freeway Token,,2021-05-28
640,aleph,ALEPH,Aleph.im,"Cosmos Ecosystem,Solana Ecosystem,Avalanche Ecosystem,Infrastructure,Binance Smart Chain Ecosystem,Storage,Polkadot Ecosystem",2021-05-28
641,blockv,VEE,BLOCKv,Non-Fungible Tokens (NFT),2021-05-28
642,nebulas,NAS,Nebulas,Smart Contract Platform,2021-05-28
643,phantasma,SOUL,Phantasma,"Entertainment,Smart Contract Platform,Non-Fungible Tokens (NFT)",2021-05-28
644,oxbull-tech,OXB,Oxbull Tech,Launchpad,2021-05-28
645,opium,OPIUM,Opium,"Derivatives,Polygon Ecosystem,xDAI Ecosystem,Decentralized Finance (DeFi),Governance",2021-05-28
646,selfkey,KEY,SelfKey,Business Services,2021-05-28
647,suterusu,SUTER,Suterusu,,2021-05-28
648,footballstars,FTS,FootballStars,,2021-05-28
649,vether,VETH,Vether,Cryptocurrency,2021-05-28
650,jenny-metaverse-dao-token,UJENNY,Jenny Metaverse DAO Token,Non-Fungible Tokens (NFT),2021-05-28
651,gulden,NLG,Gulden,Cryptocurrency,2021-05-28
652,safe-haven,SHA,Safe Haven,"Polygon Ecosystem,Infrastructure",2021-05-28
653,aioz-network,AIOZ,AIOZ Network,,2021-05-28
654,spendcoin,SPND,Spendcoin,"Cosmos Ecosystem,Finance / Banking",2021-05-28
655,spell-token,SPELL,Spell Token,,2021-05-28
656,baasid,BAAS,BaaSid,,2021-05-28
657,darwinia-network-native-token,RING,Darwinia Network Native Token,Polkadot Ecosystem,2021-05-28
658,interest-bearing-bitcoin,IBBTC,Interest Bearing Bitcoin,,2021-05-28
659,force-protocol,FOR,ForTube,"Lending/Borrowing,Decentralized Finance (DeFi)",2021-05-28
660,stake-dao,SDT,Stake DAO,"Yield Aggregator,Decentralized Finance (DeFi)",2021-05-28
661,acryptos,ACS,ACryptoS,"Yield Aggregator,Decentralized Finance (DeFi)",2021-05-28
662,apy-finance,APY,APY.Finance,"Yield Aggregator,Polygon Ecosystem,Yield Farming,Decentralized Finance (DeFi)",2021-05-28
663,cocos-bcx,COCOS,COCOS BCX,"Entertainment,Non-Fungible Tokens (NFT),Gaming",2021-05-28
664,empty-set-dollar,ESD,Empty Set Dollar,"Seigniorage,Decentralized Finance (DeFi),Stablecoins",2021-05-28
665,ferrum-network,FRM,Ferrum Network,"Infrastructure,Decentralized Finance (DeFi)",2021-05-28
666,galatasaray-fan-token,GAL,Galatasaray Fan Token,"Fan Token,Sports",2021-05-28
667,cutcoin,CUT,CUTcoin,Cryptocurrency,2021-05-28
668,olyseum,OLY,Olyseum,,2021-05-28
669,mixmarvel,MIX,MixMarvel,,2021-05-28
670,nav-coin,NAV,NavCoin,Privacy Coins,2021-05-28
671,slate,BYTZ,BYTZ,Entertainment,2021-05-28
672,basketdao-defi-index,BDI,BasketDAO DeFi Index,"Index,DeFi Index,Decentralized Finance (DeFi)",2021-05-28
673,futureswap,FST,Futureswap,"Derivatives,Perpetuals,Decentralized Exchange Token (DEX),Decentralized Finance (DeFi),Exchange-based Tokens",2021-05-28
674,wownero,WOW,Wownero,,2021-05-28
675,likecoin,LIKE,LikeCoin,Cosmos Ecosystem,2021-05-28
676,probit-exchange,PROB,Probit Token,"Cryptocurrency,Exchange-based Tokens",2021-05-28
677,genesis-vision,GVT,Genesis Vision,,2021-05-28
678,measurable-data-token,MDT,Measurable Data Token,Big Data,2021-05-28
679,media-network,MEDIA,Media Network,Solana Ecosystem,2021-05-28
680,dexe,DEXE,DeXe,"Business Platform,Binance Smart Chain Ecosystem",2021-05-28
681,gifto,GTO,Gifto,,2021-05-28
682,88mph,MPH,88mph,"Yield Aggregator,Yield Farming,Decentralized Finance (DeFi)",2021-05-28
683,mirrored-ishares-gold-trust,MIAU,Mirrored iShares Gold Trust,Mirrored Assets,2021-05-28
684,six-network,SIX,SIX Network,Business Platform,2021-05-28
685,mobox,MBOX,Mobox,,2021-05-28
686,impulse-by-fdr,IMPULSE,Impulse By FDR,,2021-05-28
687,stone-token,STN,Stone Token,,2021-05-28
688,kan,KAN,BitKan,Exchange-based Tokens,2021-05-28
689,convex-crv,CVXCRV,Convex CRV,"Yield Farming,Asset-backed Tokens",2021-05-28
690,julswap,JULD,JulSwap,Binance Smart Chain Ecosystem,2021-05-28
691,concentrated-voting-power,CVP,PowerPool Concentrated Voting Power,"Yearn Ecosystem,Asset Manager,Polygon Ecosystem,Decentralized Finance (DeFi),Governance",2021-05-28
692,blockport,BUX,BUX Token,"Binance Smart Chain Ecosystem,Exchange-based Tokens",2021-05-28
693,wault,WAULTX,Wault,,2021-05-28
694,blackdragon-token,BDT,BlackDragon Token,,2021-05-28
695,float-protocol,BANK,Float Protocol,,2021-05-28
696,viacoin,VIA,Viacoin,,2021-05-28
697,digg,DIGG,DIGG,"Rebase Tokens,Decentralized Finance (DeFi)",2021-05-28
698,vecrv-dao-yvault,YVE-CRVDAO,veCRV-DAO yVault,Yearn Ecosystem,2021-05-28
699,pchain,PI,Plian,Smart Contract Platform,2021-05-28
700,factom,FCT,Factom,Smart Contract Platform,2021-05-28
701,axel,AXEL,AXEL,"Software,Masternodes",2021-05-28
702,safe2,SAFE2,SAFE2,"Insurance,Number",2021-05-28
703,blank,BLANK,Blank,,2021-05-28
704,pocmon,PMON,PocMon,,2021-05-28
705,crypterium,CRPT,Crypterium,Finance / Banking,2021-05-28
706,dynamic,DYN,Dynamic,"Healthcare,Masternodes",2021-05-28
707,tierion,TNT,Tierion,,2021-05-28
708,unisocks,SOCKS,Unisocks,"Tokenized Products,Non-Fungible Tokens (NFT)",2021-05-28
709,origin-dollar,OUSD,Origin Dollar,"USD Stablecoin,Decentralized Finance (DeFi),Stablecoins",2021-05-28
710,fractal,FCL,Fractal,,2021-05-28
711,yvault-lp-ycurve,YVAULT-LP-YCURVE,yUSD,Yield Farming,2021-05-28
712,props,PROPS,Props Token,"Polygon Ecosystem,Cryptocurrency",2021-05-28
713,troy,TROY,Troy,Business Services,2021-05-28
714,reflexer-ungovernance-token,FLX,Reflexer Ungovernance Token,Decentralized Finance (DeFi),2021-05-28
715,adappter-token,ADP,Adappter Token,,2021-05-28
716,strong,STRONG,Strong,Infrastructure,2021-05-28
717,tokenclub,TCT,TokenClub,,2021-05-28
718,ztcoin,ZT,ZBG Token,Exchange-based Tokens,2021-05-28
719,kine-protocol,KINE,Kine Protocol,,2021-05-28
720,filecash,FIC,Filecash,,2021-05-28
721,dhedge-dao,DHT,dHEDGE DAO,"Asset Manager,Decentralized Exchange Token (DEX),Decentralized Finance (DeFi),Governance,Exchange-based Tokens",2021-05-28
722,lympo-market-token,LMT,Lympo Market Token,,2021-05-28
723,wault-finance-old,WAULT,Wault Finance (OLD),"Launchpad,Yield Farming,Decentralized Finance (DeFi)",2021-05-28
724,exeedme,XED,Exeedme,"Gambling,Polygon Ecosystem,Non-Fungible Tokens (NFT),Binance Smart Chain Ecosystem,Gaming,Polkadot Ecosystem",2021-05-28
725,presearch,PRE,Presearch,,2021-05-28
726,midas-cash,MCASH,Mcashchain,Finance / Banking,2021-05-28
727,mirrored-proshares-vix,MVIXY,Mirrored ProShares VIX,Mirrored Assets,2021-05-28
728,bitberry-token,BBR,Bitberry Token,Polygon Ecosystem,2021-05-28
729,blocknet,BLOCK,Blocknet,"Protocol,Masternodes",2021-05-28
730,unicrypt-2,UNCX,UniCrypt,"Launchpad,Polygon Ecosystem,xDAI Ecosystem,Binance Smart Chain Ecosystem",2021-05-28
731,elysia,EL,ELYSIA,Real Estate,2021-05-28
732,polkamarkets,POLK,Polkamarkets,Polygon Ecosystem,2021-05-28
733,duckdaodime,DDIM,DuckDaoDime,,2021-05-28
734,oneswap-dao-token,ONES,OneSwap DAO Token,,2021-05-28
735,quai-dao,QUAI,Quai Dao,Binance Smart Chain Ecosystem,2021-05-28
736,moeda-loyalty-points,MDA,Moeda Loyalty Points,,2021-05-28
737,value-liquidity,VALUE,Value DeFi,"Yield Aggregator,Decentralized Exchange Token (DEX),Automated Market Maker (AMM),Yield Farming,Binance Smart Chain Ecosystem,Decentralized Finance (DeFi)",2021-05-28
738,ovr,OVR,Ovr,"Metaverse,Non-Fungible Tokens (NFT)",2021-05-28
739,turtlecoin,TRTL,TurtleCoin,Privacy Coins,2021-05-28
740,anj,ANJ,Aragon Court,Legal,2021-05-28
741,boson-protocol,BOSON,Boson Protocol,,2021-05-28
742,quantum-resistant-ledger,QRL,Quantum Resistant Ledger,Cryptocurrency,2021-05-28
743,coinfirm-amlt,AMLT,AMLT Network,,2021-05-28
744,radium,VAL,Validity,Protocol,2021-05-28
745,ac-milan-fan-token,ACM,AC Milan Fan Token,"Fan Token,Sports",2021-05-28
746,litecoin-cash,LCC,Litecoin Cash,,2021-05-28
747,oiler,OIL,Oiler,"Derivatives,Decentralized Exchange Token (DEX),Options",2021-05-28
748,coinvest,COIN,Coin,,2021-05-28
749,kira-network,KEX,KIRA Network,Cosmos Ecosystem,2021-05-28
750,lamden,TAU,Lamden,"Business Services,Smart Contract Platform",2021-05-28
751,cashbet-coin,CBC,Casino Betting Coin,,2021-05-28
752,idle,IDLE,IDLE,"Yield Aggregator,Yield Farming,Decentralized Finance (DeFi),Governance",2021-05-28
753,chronobank,TIME,chrono.tech,Business Services,2021-05-28
754,dora-factory,DORA,Dora Factory,,2021-05-28
755,lympo,LYM,Lympo,Healthcare,2021-05-28
756,unicrypt,UNC,UniCrypt (Old),Cryptocurrency,2021-05-28
757,gamecredits,GAME,GameCredits,"Software,Non-Fungible Tokens (NFT),Gaming",2021-05-28
758,pbtc35a,PBTC35A,pBTC35A,Number,2021-05-28
759,credit,CREDIT,TerraCredit,,2021-05-28
760,aitra,AITRA,AITRA,,2021-05-28
761,permission-coin,ASK,Permission Coin,,2021-05-28
762,ichi-farm,ICHI,ICHI,Yield Farming,2021-05-28
763,dfohub,BUIDL,dfohub,"Business Platform,Governance",2021-05-28
764,tidal-finance,TIDAL,Tidal Finance,"Insurance,Polygon Ecosystem",2021-05-28
765,upbots,UBXT,UpBots,,2021-05-28
766,lcx,LCX,LCX,"Finance / Banking,Exchange-based Tokens",2021-05-28
767,labs-group,LABS,LABS Group,,2021-05-28
768,k21,K21,K21,"Number,Non-Fungible Tokens (NFT)",2021-05-28
769,wirex,WXT,Wirex,,2021-05-28
770,morpheus-labs,MITX,Morpheus Labs,Business Platform,2021-05-28
771,dust-token,DUST,DUST Token,Cryptocurrency,2021-05-28
772,digitalnote,XDN,DigitalNote,Cryptocurrency,2021-05-28
773,any-blocknet,ABLOCK,ANY Blocknet,"Protocol,Masternodes",2021-05-28
774,zero-exchange,ZERO,0.exchange,"Avalanche Ecosystem,Decentralized Exchange Token (DEX),Launchpad,Automated Market Maker (AMM),Binance Smart Chain Ecosystem,Governance,Exchange-based Tokens",2021-05-28
775,cover-protocol,COVER,Cover Protocol,"Insurance,Decentralized Finance (DeFi)",2021-05-28
776,convex-finance,CVX,Convex Finance,"Yield Aggregator,Decentralized Finance (DeFi)",2021-05-28
777,rio-defi,RFUEL,RioDeFi,Polkadot Ecosystem,2021-05-28
778,wom-token,WOM,WOM Protocol,Media,2021-05-28
779,bread,BRD,Bread,,2021-05-28
780,xfund,XFUND,xFund,"Business Services,Oracle,Governance",2021-05-28
781,benchmark-protocol,MARK,Benchmark Protocol,"Polygon Ecosystem,Rebase Tokens,Yield Farming,Decentralized Finance (DeFi)",2021-05-28
782,oceanex-token,OCE,OceanEX Token,Exchange-based Tokens,2021-05-28
783,axion,AXN,Axion,,2021-05-28
784,filda,FILDA,Filda,"HECO Chain Ecosystem,Lending/Borrowing,Yield Farming,Decentralized Finance (DeFi),Governance",2021-05-28
785,metaverse-etp,ETP,Metaverse ETP,Cryptocurrency,2021-05-28
786,furucombo,COMBO,Furucombo,Decentralized Finance (DeFi),2021-05-28
787,crowns,CWS,Crowns,"Non-Fungible Tokens (NFT),Binance Smart Chain Ecosystem,Gaming",2021-05-28
788,tranche-finance,SLICE,Tranche Finance,,2021-05-28
789,inverse-finance,INV,Inverse Finance,"Lending/Borrowing,Yield Aggregator,Decentralized Finance (DeFi)",2021-05-28
790,sylo,SYLO,Sylo,"Polygon Ecosystem,Communication",2021-05-28
791,unification,FUND,Unification,"Cosmos Ecosystem,Business Services",2021-05-28
792,particl,PART,Particl,Privacy Coins,2021-05-28
793,odem,ODE,ODEM,Education,2021-05-28
794,webdollar,WEBD,webdollar,Finance / Banking,2021-05-28
795,rubic,RBC,Rubic,"Polygon Ecosystem,Decentralized Finance (DeFi)",2021-05-28
796,bscex,BSCX,BSCEX,"Decentralized Exchange Token (DEX),Yield Farming,Binance Smart Chain Ecosystem,Decentralized Finance (DeFi),Exchange-based Tokens",2021-05-28
797,polydoge,POLYDOGE,PolyDoge,,2021-05-28
798,launchpool,LPOOL,Launchpool,Launchpad,2021-05-28
799,unmarshal,MARSH,Unmarshal,"Polygon Ecosystem,Oracle",2021-05-28
800,indexed-finance,NDX,Indexed Finance,"Asset Manager,Decentralized Finance (DeFi),Governance",2021-05-28
801,maple-finance,MPL,Maple,,2021-05-28
802,vfox,VFOX,VFOX,Virtual Reality,2021-05-28
803,oraichain-token,ORAI,Oraichain Token,"Artificial Intelligence,Big Data,Business Services,Decentralized Finance (DeFi),Oracle",2021-05-28
804,powertrade-fuel,PTF,PowerTrade Fuel,"Governance,Exchange-based Tokens",2021-05-28
805,degenerator,MEME,Meme,"Non-Fungible Tokens (NFT),Yield Farming",2021-05-28
806,oddz,ODDZ,Oddz,Polygon Ecosystem,2021-05-28
807,archer-dao-governance-token,ARCH,Archer DAO Governance Token,Infrastructure,2021-05-28
808,blox,CDT,Blox,,2021-05-28
809,mysterium,MYST,Mysterium,,2021-05-28
810,saito,SAITO,Saito,,2021-05-28
811,dxdao,DXD,DXdao,"Polygon Ecosystem,Software,Decentralized Finance (DeFi),Governance",2021-05-28
812,spacechain-erc-20,SPC,SpaceChain (ERC-20),,2021-05-28
813,rubycoin,RBY,Rubycoin,,2021-05-28
814,jarvis-reward-token,JRT,Jarvis Reward Token,"Derivatives,Finance / Banking,Synthetic Issuer,Decentralized Finance (DeFi),Exchange-based Tokens",2021-05-28
815,deus-finance,DEUS,DEUS Finance,"Derivatives,Decentralized Exchange Token (DEX),Synthetic Issuer,Yield Farming,Synths,Decentralized Finance (DeFi),Governance",2021-05-28
816,wabi,WABI,Wabi,Other,2021-05-28
817,cybermiles,CMT,CyberMiles,Cosmos Ecosystem,2021-05-28
818,multivac,MTV,MultiVAC,,2021-05-28
819,unilayer,LAYER,UniLayer,"Decentralized Exchange Token (DEX),Business Services,Non-Fungible Tokens (NFT),Decentralized Finance (DeFi),Exchange-based Tokens",2021-05-28
820,cvcoin,CVN,CVCoin,,2021-05-28
821,union-protocol-governance-token,UNN,UNION Protocol Governance Token,Insurance,2021-05-28
822,yam-2,YAM,YAM,"Insurance,Asset Manager,Yield Farming,Decentralized Finance (DeFi),Governance",2021-05-28
823,arcblock,ABT,Arcblock,Protocol,2021-05-28
824,foam-protocol,FOAM,FOAM,"Cosmos Ecosystem,Infrastructure,Protocol",2021-05-28
825,iqeon,IQN,IQeon,"Entertainment,Gaming",2021-05-28
826,dlp-duck-token,DUCK,DLP Duck Token,Launchpad,2021-05-28
827,nucleus-vision,NCASH,Nucleus Vision,Business Platform,2021-05-28
828,ptokens-btc,PBTC,pTokens BTC,"Tokenized BTC,Decentralized Finance (DeFi),Asset-backed Tokens",2021-05-28
829,pendle,PENDLE,Pendle,Automated Market Maker (AMM),2021-05-28
830,circuits-of-value,COVAL,Circuits of Value,Decentralized Finance (DeFi),2021-05-28
831,polyswarm,NCT,PolySwarm,,2021-05-28
832,xend-finance,XEND,Xend Finance,Polygon Ecosystem,2021-05-28
833,lattice-token,LTX,Lattice Token,,2021-05-28
834,polkamon,PMON,Polkamon,"Collectibles,Non-Fungible Tokens (NFT)",2021-05-28
835,piedao-dough-v2,DOUGH,PieDAO DOUGH v2,"Asset Manager,Yield Farming,Decentralized Finance (DeFi),Governance",2021-05-28
836,ubiq,UBQ,Ubiq,Smart Contract Platform,2021-05-28
837,siren,SI,Siren,"Derivatives,Options,Decentralized Finance (DeFi)",2021-05-28
838,spartan-protocol-token,SPARTA,Spartan Protocol Token,Binance Smart Chain Ecosystem,2021-05-28
839,mettalex,MTLX,Mettalex,,2021-05-28
840,x-cash,XCASH,X-CASH,Finance / Banking,2021-05-28
841,pandacoin,PND,Pandacoin,,2021-05-28
842,wepower,WPR,WePower,Energy,2021-05-28
843,pastel,PSL,Pastel,Non-Fungible Tokens (NFT),2021-05-28
844,eosforce,EOSC,EOSForce,Smart Contract Platform,2021-05-28
845,rainicorn,RAINI,Rainicorn,,2021-05-28
846,graphlinq-protocol,GLQ,GraphLinq Protocol,"Polygon Ecosystem,Business Services,Infrastructure,Analytics",2021-05-28
847,restart-energy,MWAT,Restart Energy,Cryptocurrency,2021-05-28
848,axpire,AXPR,aXpire,Business Services,2021-05-28
849,pluton,PLU,Pluton,,2021-05-28
850,mstable-btc,MBTC,mStable BTC,"Tokenized BTC,Decentralized Finance (DeFi)",2021-05-28
851,umbrella-network,UMB,Umbrella Network,"Polygon Ecosystem,Oracle",2021-05-28
852,swerve-dao,SWRV,Swerve,"Automated Market Maker (AMM),Yield Farming,Decentralized Finance (DeFi),Governance",2021-05-28
853,everex,EVX,Everex,Finance / Banking,2021-05-28
854,airbloc-protocol,ABL,Airbloc,,2021-05-28
855,unitrade,TRADE,Unitrade,Decentralized Finance (DeFi),2021-05-28
856,swftcoin,SWFTC,SWFTCOIN,,2021-05-28
857,dexkit,KIT,DexKit,"Decentralized Exchange Token (DEX),Binance Smart Chain Ecosystem,Decentralized Finance (DeFi),Exchange-based Tokens",2021-05-28
858,openanx,OAX,OAX,,2021-05-28
859,plasma-finance,PPAY,Plasma Finance,"Business Services,Decentralized Finance (DeFi),Governance",2021-05-28
860,woofy,WOOFY,Woofy,"Yearn Ecosystem,Meme Tokens",2021-05-28
861,time-new-bank,TNB,Time New Bank,,2021-05-28
862,simple-token,OST,OST,,2021-05-28
863,pancake-bunny,BUNNY,Pancake Bunny,"Yield Aggregator,Binance Smart Chain Ecosystem,Decentralized Finance (DeFi)",2021-05-28
864,bnb48-club-token,KOGE,BNB48 Club Token,,2021-05-28
865,vanilla-network,VNLA,Vanilla Network,"Gambling,Polygon Ecosystem",2021-05-28
866,credits,CS,CREDITS,,2021-05-28
867,connect-financial,CNFI,Connect Financial,,2021-05-28
868,multiplier-bsc,BMXX,Multiplier (BSC),"Lending/Borrowing,Binance Smart Chain Ecosystem,Decentralized Finance (DeFi)",2021-05-28
869,enq-enecuum,ENQ,Enecuum,"Cryptocurrency,Smart Contract Platform,Masternodes",2021-05-28
870,fedoracoin,TIPS,Fedoracoin,,2021-05-28
871,defi-top-5-tokens-index,DEFI5,DEFI Top 5 Index,"Index,DeFi Index,Number,Decentralized Finance (DeFi)",2021-05-28
872,matryx,MTX,MATRYX,,2021-05-28
873,aurora,AOA,Aurora,,2021-05-28
874,opacity,OPCT,Opacity,Storage,2021-05-28
875,kattana,KTN,Kattana,,2021-05-28
876,decentr,DEC,Decentr,"Business Services,Protocol",2021-05-28
877,ethereum-push-notification-service,PUSH,Ethereum Push Notification Service - EPNS,Polygon Ecosystem,2021-05-28
878,aidos-kuneen,ADK,Aidos Kuneen,Finance / Banking,2021-05-28
879,howdoo,UDOO,Hyprr (Howdoo),Media,2021-05-28
880,wagerr,WGR,Wagerr,"Gambling,Masternodes",2021-05-28
881,sense,SENSE,Sense,,2021-05-28
882,dextf,DEXTF,DEXTF,"Asset Manager,Decentralized Finance (DeFi)",2021-05-28
883,realio-network,RIO,Realio Network,,2021-05-28
884,fuel-token,FUEL,Jetfuel Finance,,2021-05-28
885,e-money,NGM,e-Money,,2021-05-28
886,pillar,PLR,Pillar,"Finance / Banking,Business Platform,Software,Governance",2021-05-28
887,bsc-station,BSCS,BSC Station,"Automated Market Maker (AMM),Yield Farming,Binance Smart Chain Ecosystem",2021-05-28
888,hedget,HGET,Hedget,"Derivatives,Decentralized Exchange Token (DEX),Options,Decentralized Finance (DeFi)",2021-05-28
889,top-network,TOP,TOP Network,Infrastructure,2021-05-28
890,curate,XCUR,Curate,,2021-05-28
891,bountymarketcap,BMC,BountyMarketCap,,2021-05-28
892,exnetwork-token,EXNT,ExNetwork Token,,2021-05-28
893,mobius,MOBI,Mobius,Internet of Things (IOT),2021-05-28
894,yaxis,YAXIS,yAxis,"Yield Aggregator,Yield Farming,Decentralized Finance (DeFi)",2021-05-28
895,oxbitcoin,0XBTC,0xBitcoin,"Number,Cryptocurrency",2021-05-28
896,databroker-dao,DTX,DaTa eXchange Token,,2021-05-28
897,verox,VRX,Verox,Polygon Ecosystem,2021-05-28
898,spookyswap,BOO,Spookyswap,"Decentralized Exchange Token (DEX),Automated Market Maker (AMM)",2021-05-28
899,swapdex,SDX,SwapDEX,,2021-05-28
900,csp-dao-network,NEBO,CSP DAO Network,,2021-05-28
901,goose-finance,EGG,Goose Finance,"Yield Farming,Binance Smart Chain Ecosystem",2021-05-28
902,avalaunch,XAVA,Avalaunch,Avalanche Ecosystem,2021-05-28
903,stakecube,SCC,Stakecube,"Cryptocurrency,Masternodes",2021-05-28
904,viberate,VIB,Viberate,Entertainment,2021-05-28
905,honey,HNY,Honey,"Decentralized Exchange Token (DEX),xDAI Ecosystem",2021-05-28
906,apm-coin,APM,apM Coin,Business Platform,2021-05-28
907,defidollar,DUSD,DefiDollar,"USD Stablecoin,Decentralized Finance (DeFi),Stablecoins",2021-05-28
908,konomi-network,KONO,Konomi Network,,2021-05-28
909,eleven-finance,ELE,Eleven Finance,"Yield Aggregator,Binance Smart Chain Ecosystem",2021-05-28
910,xmax,XMX,XMax,,2021-05-28
911,poa-network,POA,POA Network,,2021-05-28
912,mooncoin,MOON,Mooncoin,,2021-05-28
913,cops-finance,COPS,Cops Finance,,2021-05-28
914,the-abyss,ABYSS,Abyss,Business Platform,2021-05-28
915,hord,HORD,Hord,DaoMaker Ecosystem,2021-05-28
916,bibox-token,BIX,Bibox Token,Exchange-based Tokens,2021-05-28
917,payrue,PROPEL,Propel,,2021-05-28
918,spore-finance-2,SPORE,Spore,"Avalanche Ecosystem,Non-Fungible Tokens (NFT),Binance Smart Chain Ecosystem",2021-05-28
919,appcoins,APPC,AppCoins,,2021-05-28
920,nodeseeds,NDS,Nodeseeds,,2021-05-28
921,deeponion,ONION,DeepOnion,Privacy Coins,2021-05-28
922,muse-2,MUSE,Muse,Non-Fungible Tokens (NFT),2021-05-28
923,horizon-protocol,HZN,Horizon Protocol,,2021-05-28
924,santiment-network-token,SAN,Santiment Network Token,,2021-05-28
925,sake-token,SAKE,SakeToken,,2021-05-28
926,falcon-token,FNT,Falcon Project,Entertainment,2021-05-28
927,worldcoin,WDC,WorldCoin,,2021-05-28
928,shift,SHIFT,Shift,Storage,2021-05-28
929,yearn-lazy-ape,YLA,Yearn Lazy Ape,"Index,DeFi Index",2021-05-28
930,autonio,NIOX,Autonio,"Decentralized Exchange Token (DEX),Polygon Ecosystem,Decentralized Finance (DeFi)",2021-05-28
931,cofix,COFI,CoFiX,"Decentralized Exchange Token (DEX),Automated Market Maker (AMM),Yield Farming,Decentralized Finance (DeFi),Exchange-based Tokens",2021-05-28
932,agave-token,AGVE,Agave Token,,2021-05-28
933,kryll,KRL,KRYLL,,2021-05-28
934,pickle-finance,PICKLE,Pickle Finance,"Yearn Ecosystem,Yield Aggregator,Yield Farming,Decentralized Finance (DeFi),Governance",2021-05-28
935,tixl-new,TXL,Tixl,,2021-05-28
936,rocki,ROCKS,Rocki,Music,2021-05-28
937,polkafoundry,PKF,PolkaFoundry,,2021-05-28
938,stipend,SPD,Stipend,Masternodes,2021-05-28
939,fuse-network-token,FUSE,Fuse,Finance / Banking,2021-05-28
940,nectar-token,NEC,Nectar,"Decentralized Exchange Token (DEX),Decentralized Finance (DeFi),Exchange-based Tokens",2021-05-28
941,ice-token,ICE,Popsicle Finance,Decentralized Finance (DeFi),2021-05-28
942,smart-valor,VALOR,Smart Valor,,2021-05-28
943,cnns,CNNS,CNNS,,2021-05-28
944,bitcore,BTX,BitCore,Masternodes,2021-05-28
945,julien,JULIEN,JULIEN,Social Money,2021-05-28
946,poolz-finance,POOLZ,Poolz Finance,"Launchpad,Binance Smart Chain Ecosystem,Polkadot Ecosystem",2021-05-28
947,universa,UTNP,Universa,,2021-05-28
948,chimaera,CHI,XAYA,"Entertainment,Gaming,Polkadot Ecosystem",2021-05-28
949,hakka-finance,HAKKA,Hakka Finance,"Decentralized Finance (DeFi),Governance",2021-05-28
950,bitcoin-2,BTC2,Bitcoin 2,Cryptocurrency,2021-05-28
951,sdefi,SDEFI,sDEFI,"Index,DeFi Index,Synths,Decentralized Finance (DeFi),Asset-backed Tokens",2021-05-28
952,polylastic,POLX,Polylastic,"Index,Binance Smart Chain Ecosystem",2021-05-28
953,singulardtv,SNGLS,SingularDTV,Entertainment,2021-05-28
954,gather,GTH,Gather,,2021-05-28
955,achain,ACT,Achain,,2021-05-28
956,defidollar-dao,DFD,DefiDollar DAO,Decentralized Finance (DeFi),2021-05-28
957,meter,MTRG,Meter Governance,,2021-05-28
958,razor-network,RAZOR,Razor Network,Polygon Ecosystem,2021-05-28
959,chain-guardians,CGG,Chain Guardians,"Polygon Ecosystem,Non-Fungible Tokens (NFT)",2021-05-28
960,xio,XIO,Blockzero Labs,Business Platform,2021-05-28
961,dos-network,DOS,DOS Network,"Protocol,Oracle",2021-05-28
962,open-governance-token,OPEN,OPEN Governance Token,"Lending/Borrowing,Yield Farming,Decentralized Finance (DeFi),Governance",2021-05-28
963,coinhe-token,CHT,CoinHe Token,,2021-05-28
964,diamond,DMD,Diamond,Masternodes,2021-05-28
965,qlink,QLC,QLC Chain,Technology & Science,2021-05-28
966,naos-finance,NAOS,NAOS Finance,,2021-05-28
967,big-data-protocol,BDP,Big Data Protocol,"Solana Ecosystem,Polygon Ecosystem,Big Data,Storage,Analytics",2021-05-28
968,cafeswap-token,BREW,CafeSwap Token,,2021-05-28
969,unlimitedip,UIP,UnlimitedIP,,2021-05-28
970,spankchain,SPANK,SpankChain,,2021-05-28
971,koinos,KOIN,Koinos,,2021-05-28
972,must,MUST,Must,"Polygon Ecosystem,Non-Fungible Tokens (NFT)",2021-05-28
973,sureremit,RMT,SureRemit,,2021-05-28
974,ares-protocol,ARES,Ares Protocol,,2021-05-28
975,covesting,COV,Covesting,,2021-05-28
976,catecoin,CATE,CateCoin,Meme Tokens,2021-05-28
977,egretia,EGT,Egretia,Software,2021-05-28
978,daofi,DAOFI,DAOfi,"Decentralized Exchange Token (DEX),Non-Fungible Tokens (NFT)",2021-05-28
979,multiplier,MXX,Multiplier,,2021-05-28
980,sparkpoint-fuel,SFUEL,SparkPoint Fuel,,2021-05-28
981,data,DTA,DATA,Cosmos Ecosystem,2021-05-28
982,plotx,PLOT,PlotX,"Prediction Markets,Polygon Ecosystem",2021-05-28
983,mirrored-ether,METH,Mirrored Ether,Mirrored Assets,2021-05-28
984,shroom-finance,SHROOM,Niftyx Protocol,"Avalanche Ecosystem,Non-Fungible Tokens (NFT),Yield Farming,Governance",2021-05-28
985,hyve,HYVE,Hyve,,2021-05-28
986,bscstarter,START,BSCstarter,"Launchpad,Binance Smart Chain Ecosystem",2021-05-28
987,proximax,XPX,ProximaX,Storage,2021-05-28
988,leverj-gluon,L2,Leverj Gluon,"Decentralized Finance (DeFi),Exchange-based Tokens",2021-05-28
989,effect-network,EFX,Effect Network,Artificial Intelligence,2021-05-28
990,ruff,RUFF,Ruff,,2021-05-28
991,non-fungible-yearn,NFY,Non-Fungible Yearn,,2021-05-28
992,tenx,PAY,TenX,Finance / Banking,2021-05-28
993,vexanium,VEX,Vexanium,Business Platform,2021-05-28
994,euno,EUNO,EUNO,,2021-05-28
995,safe-coin-2,SAFE,SafeCoin,,2021-05-28
996,b21,B21,B21,"Finance / Banking,Number,Polygon Ecosystem",2021-05-28
997,deri-protocol,DERI,Deri Protocol,,2021-05-28
998,daohaus,HAUS,DAOhaus,Governance,2021-05-28
999,dev-protocol,DEV,Dev Protocol,Protocol,2021-05-28
1000,spheroid-universe,SPH,Spheroid Universe,"Augmented Reality,Non-Fungible Tokens (NFT)",2021-05-28
1001,latoken,LA,LATOKEN,"Centralized Exchange Token (CEX),Exchange-based Tokens",2021-05-28
1002,grid,GRID,GridPlus,Wallets,2021-05-28
1003,moonwolf-io,WOLF,moonwolf.io,,2021-05-28
1004,as-roma-fan-token,ASR,AS Roma Fan Token,"Fan Token,Sports",2021-05-28
1005,spacechain,SPC,SpaceChain,,2021-05-28
1006,myriadcoin,XMY,Myriad,,2021-05-28
1007,hitchain,HIT,HitChain,,2021-05-28
1008,world-token,WORLD,World Token,,2021-05-28
1009,whiteheart,WHITE,Whiteheart,"Derivatives,Decentralized Finance (DeFi)",2021-05-28
1010,syndicate,SYNX,Syndicate,,2021-05-28
1011,robot,ROBOT,Robot,,2021-05-28
1012,compound-wrapped-btc,CWBTC,cWBTC,"Finance / Banking,Decentralized Finance (DeFi),Asset-backed Tokens",2021-05-28
1013,splyt,SHOPX,Splyt,"Polkadot Ecosystem,Asset-backed Tokens",2021-05-28
1014,portion,PRT,Portion,Non-Fungible Tokens (NFT),2021-05-28
1015,og-fan-token,OG,OG Fan Token,"Fan Token,Entertainment",2021-05-28
1016,mirrored-bitcoin,MBTC,Mirrored Bitcoin,Mirrored Assets,2021-05-28
1017,emercoin,EMC,EmerCoin,,2021-05-28
1018,unicly,UNIC,Unicly,"Decentralized Exchange Token (DEX),Automated Market Maker (AMM),Non-Fungible Tokens (NFT),Yield Farming,Exchange-based Tokens",2021-05-28
1019,jul,JUL,JustLiquidity,Polygon Ecosystem,2021-05-28
1020,shyft-network-2,SHFT,Shyft Network,Polygon Ecosystem,2021-05-28
1021,enigma,ENG,Enigma,"Smart Contract Platform,Privacy Coins",2021-05-28
1022,lixir-protocol,LIX,Lixir Finance,,2021-05-28
1023,smartmesh,SMT,SmartMesh,,2021-05-28
1024,odyssey,OCN,Odyssey,,2021-05-28
1025,swag-finance,SWAG,SWAG Finance,Yield Farming,2021-05-28
1026,neurotoken,NTK,Neurotoken,,2021-05-28
1027,beowulf,BWF,Beowulf,,2021-05-28
1028,bitcoin-private,BTCP,Bitcoin Private,Privacy Coins,2021-05-28
1029,reserve,RSV,Reserve,"Decentralized Finance (DeFi),Stablecoins,Asset-backed Tokens",2021-05-28
1030,yieldwatch,WATCH,Yieldwatch,,2021-05-28
1031,genaro-network,GNX,Genaro Network,,2021-05-28
1032,rendoge,RENDOGE,renDOGE,"Wrapped-Tokens,Asset-backed Tokens",2021-05-28
1033,auruscoin,AWX,AurusDeFi,,2021-05-28
1034,agrello,DLT,Agrello,Legal,2021-05-28
1035,truefeedbackchain,TFB,Truefeedback Token,Entertainment,2021-05-28
1036,lien,LIEN,Lien,"Derivatives,Automated Market Maker (AMM),Decentralized Finance (DeFi)",2021-05-28
1037,deltahub-community,DHC,DeltaHub Community,,2021-05-28
1038,compound-augur,CREP,cREP,"Finance / Banking,Decentralized Finance (DeFi),Asset-backed Tokens",2021-05-28
1039,stellite,XLA,Scala,,2021-05-28
1040,axis-defi,AXIS,Axis DeFi,,2021-05-28
1041,gains,GAINS,Gains,,2021-05-28
1042,antimatter,MATTER,AntiMatter,"HECO Chain Ecosystem,Derivatives,Options,Binance Smart Chain Ecosystem,Decentralized Finance (DeFi)",2021-05-28
1043,geodb,GEO,GeoDB,,2021-05-28
1044,shard,SHARD,Shard Coin,Cryptocurrency,2021-05-28
1045,monetha,MTH,Monetha,"Business Services,Business Platform",2021-05-28
1046,oduwa-coin,OWC,Oduwa Coin,,2021-05-28
1047,satt,SATT,SaTT,Business Services,2021-05-28
1048,minds,MINDS,Minds,,2021-05-28
1049,dovu,DOV,Dovu,Cryptocurrency,2021-05-28
1050,medishares,MDS,MediShares,,2021-05-28
1051,public-mint,MINT,Public Mint,,2021-05-28
1052,btc-2x-flexible-leverage-index,BTC2X-FLI,BTC 2x Flexible Leverage Index,DeFi Index,2021-05-28
1053,rbase-finance,RBASE,rbase.finance,Rebase Tokens,2021-05-28
1054,prosper,PROS,Prosper,"Prediction Markets,Polygon Ecosystem,Binance Smart Chain Ecosystem,Decentralized Finance (DeFi)",2021-05-28
1055,unimex-network,UMX,UniMex Network,,2021-05-28
1056,starname,IOV,Starname,Cosmos Ecosystem,2021-05-28
1057,reapchain,REAP,ReapChain,,2021-05-28
1058,napoleon-x,NPX,Napoleon X,Finance / Banking,2021-05-28
1059,alchemy-pay,ACH,Alchemy Pay,,2021-05-28
1060,bonded-finance,BOND,Bonded Finance,Polygon Ecosystem,2021-05-28
1061,pumapay,PMA,PumaPay,,2021-05-28
1062,unistake,UNISTAKE,Unistake,,2021-05-28
1063,nyzo,NYZO,Nyzo,Cryptocurrency,2021-05-28
1064,mahadao,MAHA,MahaDAO,"Polygon Ecosystem,Decentralized Finance (DeFi)",2021-05-28
1065,apyswap,APYS,APYSwap,,2021-05-28
1066,internet-node-token,INT,INTchain,,2021-05-28
1067,yield-optimization-platform,YOP,Yield Optimization Platform & Protocol,,2021-05-28
1068,hybrix,HY,Hybrix,Decentralized Exchange Token (DEX),2021-05-28
1069,ether-1,ETHO,Etho Protocol,"Infrastructure,Masternodes",2021-05-28
1070,carbon,CRBN,Carbon,,2021-05-28
1071,option-room,ROOM,OptionRoom,"Prediction Markets,Polkadot Ecosystem,Oracle",2021-05-28
1072,pangea,XPAT,Pangea Arbitration Token (Bitnation),Legal,2021-05-28
1073,feathercoin,FTC,Feathercoin,,2021-05-28
1074,chainswap,TOKEN,Chainswap,,2021-05-28
1075,argon,ARGON,Argon,,2021-05-28
1076,twinci,TWIN,Twinci,Non-Fungible Tokens (NFT),2021-05-28
1077,raze-network,RAZE,Raze Network,Polygon Ecosystem,2021-05-28
1078,swarm,SWM,Swarm Network,,2021-05-28
1079,hiveterminal,HVN,Hiveterminal token,,2021-05-28
1080,tokencard,TKN,Monolith,"Cryptocurrency,Decentralized Finance (DeFi)",2021-05-28
1081,jur,JUR,Jur,Legal,2021-05-28
1082,berry-data,BRY,Berry Data,"Binance Smart Chain Ecosystem,Oracle",2021-05-28
1083,ong-social,ONG,SoMee.Social,Media,2021-05-28
1084,bitcoinz,BTCZ,BitcoinZ,Privacy Coins,2021-05-28
1085,octofi,OCTO,OctoFi,"Yield Aggregator,Decentralized Exchange Token (DEX),Yield Farming,Decentralized Finance (DeFi),Governance",2021-05-28
1086,mork,MORK,MORK,Social Money,2021-05-28
1087,centaur,CNTR,Centaur,Cosmos Ecosystem,2021-05-28
1088,iot-chain,ITC,IoT Chain,,2021-05-28
1089,parachute,PAR,Parachute,,2021-05-28
1090,hycon,HYC,Hycon,,2021-05-28
1091,coinpoker,CHP,CoinPoker,,2021-05-28
1092,yfdai-finance,YF-DAI,YfDAI.finance,Governance,2021-05-28
1093,digitex-futures-exchange,DGTX,Digitex Token,Exchange-based Tokens,2021-05-28
1094,revain,REV,Revain,,2021-05-28
1095,pepecash,PEPECASH,PepeCash,,2021-05-28
1096,font,FONT,Font,Non-Fungible Tokens (NFT),2021-05-28
1097,zignaly,ZIG,Zignaly,,2021-05-28
1098,ucash,UCASH,U.CASH,,2021-05-28
1099,french-digital-reserve,FDR,French Digital Reserve,,2021-05-28
1100,ezoow,EZW,EZOOW,,2021-05-28
1101,urus-token,URUS,Urus Token,,2021-05-28
1102,bitcoin-classic,BXC,Bitcoin Classic,Smart Contract Platform,2021-05-28
1103,gem-exchange-and-trading,GXT,Gem Exchange And Trading,,2021-05-28
1104,nix-platform,NIX,NIX,"Cryptocurrency,Masternodes,Privacy Coins",2021-05-28
1105,dafi-protocol,DAFI,Dafi Protocol,"Derivatives,Synthetic Issuer,Polygon Ecosystem,Decentralized Finance (DeFi)",2021-05-28
1106,ixcoin,IXC,Ixcoin,,2021-05-28
1107,matrix-ai-network,MAN,Matrix AI Network,Artificial Intelligence,2021-05-28
1108,onx-finance,ONX,OnX Finance,,2021-05-28
1109,auroracoin,AUR,Auroracoin,,2021-05-28
1110,adshares,ADS,Adshares,Business Services,2021-05-28
1111,fsw-token,FSW,Falconswap,"Decentralized Exchange Token (DEX),Exchange-based Tokens",2021-05-28
1112,gamee,GMEE,GAMEE,,2021-05-28
1113,dash-diamond,DASHD,Dash Diamond,,2021-05-28
1114,eosbet,BET,EarnBet,"Gambling,Polygon Ecosystem",2021-05-28
1115,tokenomy,TEN,Tokenomy,Infrastructure,2021-05-28
1116,askobar-network,ASKO,Asko,Cryptocurrency,2021-05-28
1117,iteration-syndicate,ITS,Iteration Syndicate,,2021-05-28
1118,raven-protocol,RAVEN,Raven Protocol,Artificial Intelligence,2021-05-28
1119,high-performance-blockchain,HPB,High Performance Blockchain,"Cryptocurrency,Smart Contract Platform",2021-05-28
1120,yee,YEE,Yee,,2021-05-28
1121,sirin-labs-token,SRN,Sirin Labs Token,,2021-05-28
1122,boom-token,BOOM,Boom Token,,2021-05-28
1123,escoin-token,ELG,Escoin Token,,2021-05-28
1124,xtoken,XTK,xToken,"Yield Aggregator,Yield Farming,Decentralized Finance (DeFi)",2021-05-28
1125,openalexa-protocol,OAP,OpenAlexa Protocol,,2021-05-28
1126,zenfuse,ZEFU,Zenfuse,,2021-05-28
1127,neumark,NEU,Neumark,,2021-05-28
1128,nft-protocol,NFT,NFT Protocol,"Protocol,Non-Fungible Tokens (NFT),Governance",2021-05-28
1129,apwine,APW,APWine,"Yield Aggregator,Decentralized Exchange Token (DEX),Automated Market Maker (AMM),Yield Farming,Decentralized Finance (DeFi)",2021-05-28
1130,basis-cash,BAC,Basis Cash,"Seigniorage,Yield Farming,Decentralized Finance (DeFi),Stablecoins",2021-05-28
1131,vidya,VIDYA,Vidya,"Non-Fungible Tokens (NFT),Gaming",2021-05-28
1132,clintex-cti,CTI,ClinTex CTi,,2021-05-28
1133,yflink,YFL,YF Link,"Finance / Banking,Yield Farming,Decentralized Finance (DeFi),Governance",2021-05-28
1134,aspire,ASP,Aspire,,2021-05-28
1135,flo,FLO,FLO,,2021-05-28
1136,nsure-network,NSURE,Nsure Network,"Insurance,Polkadot Ecosystem,Decentralized Finance (DeFi)",2021-05-28
1137,roobee,ROOBEE,Roobee,,2021-05-28
1138,arth,ARTH,ARTH,Seigniorage,2021-05-28
1139,basketcoin,BSKT,BasketCoin,,2021-05-28
1140,pawtocol,UPI,Pawtocol,,2021-05-28
1141,digital-reserve-currency,DRC,Digital Reserve Currency,,2021-05-28
1142,trabzonspor-fan-token,TRA,Trabzonspor Fan Token,"Fan Token,Sports",2021-05-28
1143,cloakcoin,CLOAK,Cloakcoin,"Cryptocurrency,Privacy Coins",2021-05-28
1144,defi-yield-protocol,DYP,DeFi Yield Protocol,,2021-05-28
1145,bloom,BLT,Bloom,Finance / Banking,2021-05-28
1146,ruler-protocol,RULER,Ruler Protocol,"Lending/Borrowing,Decentralized Finance (DeFi)",2021-05-28
1147,you-chain,YOU,YOU Chain,,2021-05-28
1148,tera-smart-money,TERA,TERA,Smart Contract Platform,2021-05-28
1149,equilibrium-eosdt,EOSDT,EOSDT,"USD Stablecoin,Stablecoins",2021-05-28
1150,b20,B20,B20,"Number,Non-Fungible Tokens (NFT)",2021-05-28
1151,thekey,TKY,THEKEY,Big Data,2021-05-28
1152,cube,AUTO,Cube,Business Platform,2021-05-28
1153,ghost-by-mcafee,GHOST,Ghost,"Cryptocurrency,Privacy Coins",2021-05-28
1154,kambria,KAT,Kambria,"Polygon Ecosystem,Cryptocurrency",2021-05-28
1155,counterparty,XCP,Counterparty,Smart Contract Platform,2021-05-28
1156,phoenixdao,PHNX,PhoenixDAO,"Polygon Ecosystem,Business Platform",2021-05-28
1157,tradove,BBC,TraDove B2BCoin,Business Services,2021-05-28
1158,moonswap,MOON,MoonSwap,Yield Farming,2021-05-28
1159,e1337,1337,1337,"Number,Social Money",2021-05-28
1160,wasabix,WASABI,WasabiX,,2021-05-28
1161,carvertical,CV,carVertical,,2021-05-28
1162,elastic-dao,EGT,ElasticDAO,Governance,2021-05-28
1163,paint,PAINT,MurAll,"Polygon Ecosystem,Non-Fungible Tokens (NFT)",2021-05-28
1164,jackpot,777,Jackpot,Number,2021-05-28
1165,kickpad,KPAD,KickPad,Launchpad,2021-05-28
1166,cryptocurrency-top-10-tokens-index,CC10,Cryptocurrency Top 10 Index,"Index,DeFi Index,Number",2021-05-28
1167,oin-finance,OIN,OIN Finance,Polygon Ecosystem,2021-05-28
1168,amber,AMB,Ambrosus,Internet of Things (IOT),2021-05-28
1169,anrkey-x,$ANRX,AnRKey X,"Polygon Ecosystem,Non-Fungible Tokens (NFT)",2021-05-28
1170,lua-token,LUA,LuaSwap,"Decentralized Exchange Token (DEX),Automated Market Maker (AMM),Yield Farming,Decentralized Finance (DeFi),Exchange-based Tokens",2021-05-28
1171,oneroot-network,RNT,OneRoot Network,,2021-05-28
1172,eddaswap,EDDA,EDDASwap,"Polygon Ecosystem,Yield Farming",2021-05-28
1173,bird-money,BIRD,Bird.Money,Oracle,2021-05-28
1174,power-index-pool-token,PIPT,Power Index Pool Token,"Index,DeFi Index,Yield Farming,Decentralized Finance (DeFi)",2021-05-28
1175,unslashed-finance,USF,Unslashed Finance,"Insurance,Decentralized Finance (DeFi)",2021-05-28
1176,givly-coin,GIV,GIV Token,,2021-05-28
1177,geeq,GEEQ,GEEQ,,2021-05-28
1178,erc20,ERC20,ERC20,Business Platform,2021-05-28
1179,idena,IDNA,Idena,"Protocol,Oracle",2021-05-28
1180,goldcoin,GLC,Goldcoin,,2021-05-28
1181,b-protocol,BPRO,B.Protocol,,2021-05-28
1182,charg-coin,CHG,Charg Coin,Energy,2021-05-28
1183,premia,PREMIA,Premia,"Derivatives,Options,Decentralized Finance (DeFi)",2021-05-28
1184,domraider,DRT,DomRaider,Non-Fungible Tokens (NFT),2021-05-28
1185,penguin-finance,PEFI,Penguin Finance,"Avalanche Ecosystem,Yield Farming",2021-05-28
1186,bgov,BGOV,BGOV,,2021-05-28
1187,bitcashpay,BCP,BitcashPay,,2021-05-28
1188,linka,LINKA,LINKA,,2021-05-28
1189,spectrecoin,ALIAS,Alias,Privacy Coins,2021-05-28
1190,uncl,UNCL,UNCL,,2021-05-28
1191,sperax,SPA,Sperax,,2021-05-28
1192,yield,YLD,Yield,"Lending/Borrowing,Decentralized Finance (DeFi)",2021-05-28
1193,wings,WINGS,Wings,,2021-05-28
1194,apeswap-finance,BANANA,ApeSwap Finance,"Decentralized Exchange Token (DEX),Automated Market Maker (AMM),Yield Farming,Binance Smart Chain Ecosystem,Exchange-based Tokens",2021-05-28
1195,jupiter,JUP,Jupiter,Communication,2021-05-28
1196,sync-network,SYNC,Sync Network,Non-Fungible Tokens (NFT),2021-05-28
1197,dracula-token,DRC,Dracula Token,Yield Farming,2021-05-28
1198,amon,AMN,Amon,,2021-05-28
1199,dify-finance,YFIII,Dify.Finance,,2021-05-28
